Workbook

Sheet Tree condi & Photo num
A5: Tree condition:
B7: A | C7: Good qulity tree/little or no damage/stable tree/healthy canopy
B8: B | C8: Minor defects/minor damage
B9: C | C9: Major defect/Significant impact damage to the main stem /A lack of stability
B10: D | C10: Dying or severely defoliated /Stem decay and hollowing out
A15: Photo Numbers:
B17: photo number | D17: species | G17: Common names
B18: 1 | D18: Lumitzera racemosa | G18: බේරිය
B19: 2 | D19: Avicenia marina | G19: මණ්ඩ
B20: 3 | D20: Rhyzophora | G20: කඩොල්
B21: 4 | D21: Exocaria agallocha | G21: තෙලකීරිය
B22: 5 | D22: Aegicerus corniculatum | G22: හීන් කඩොල්/ ඇවරි කඩොල්
C38: (1)Lumitzera racemosa | I38: (2)Avicenia marina | O38: (3)Aegicerus corniculatum
C58: (4)Exocaria agallocha | I58: (5)Aegicerus corniculatum

Sheet  AGB Calculation
B2: 🔍 1. Understanding the Parameters You Have
B4: DBH (Diameter at Breast Height): in millimeters, so we may need to convert to centimeters or meters, depending on the equation.
B6: Height: in meters.
B8: Number of branches and sub-branches: could be useful if no standard allometric equations fit well and you’re creating a custom model.
B10: Tree Condition (A–D): could act as a correction or quality factor.
B14: 🌱 2. Standard Allometric Equation (General Form)
B16: For mangroves, researchers often use equations like:
B20: Biomass = a × (DBH)^b
B22: or, more complex:
B26: Biomass = a × (DBH^b) × (Height^c)
B28: Where a, b, and c are species-specific constants.
B32: 🧪 3. Sample Equations from Literature for Mangroves
... B110: Here's a table of the species and their typical wood densities (from published literature):
C111: No. | D111: Species Name | E111: Scientific Name | F111: ρ (g/cm³)
C112: 1 | D112: Lumitzera racemosa | E112: Lumnitzera racemosa | F112: 0.7
C113: 2 | D113: Avicennia marina | E113: Avicennia marina | F113: 0.58
C114: 3 | D114: Rhizophora spp. | E114: Rhizophora spp. | F114: 0.62
C115: 4 | D115: Excoecaria agallocha | E115: Excoecaria agallocha | F115: 0.45
C116: 5 | D116: Aegiceras corniculatum | E116: Aegiceras corniculatum | F116: 0.55

Sheet Total biomass,O2 &CO2
B5: 🌿 1. Total Biomass (Above-Ground + Below-Ground)
B7: Mangrove trees store biomass both above and below ground. A common factor to estimate total biomass is to add below-ground biomass (BGB) as a proportion of AGB.
B9: 📌 Typical ratio:
B10: Below-Ground Biomass = 0.24 × AGB (IPCC default value for mangroves)
B12: So:
B14: Total Biomass = AGB + BGB = AGB × (1 + 0.24)
B15: = 406.92 × 1.24 = ~504.58 kg
B19: 🌬️ 2. Oxygen (O₂) Production Estimate
B21: Plants produce oxygen during photosynthesis. A simplified ecological estimate is:
B23: 📌 1 kg of dry biomass = ~1.2 kg of oxygen produced annually
B25: So:
B27: O₂ Produced ≈ 504.58 kg × 1.2 = ~605.5 kg O₂/year
... B39: For mangroves, we can still use:
B41: Parameter | C41: Approximate Conversion
B42: Below-ground biomass | C42: 24% of AGB (IPCC default for mangroves)
B43: O₂ produced | C43: 1 kg biomass → ~1.2 kg O₂/year
B44: CO₂ absorbed | C44: 1 kg biomass → ~1.83 kg CO₂/year
B46: These values are standard and accepted for mangrove ecosystems in global carbon stock studies.

Sheet Summery
B4: ✅ Summary for Plot 1: | F4: ✅ Summary for Plot 2: | J4: ✅ Summary for Plot3: | N4: ✅ Summary for Plot 4: | R4: ✅ Summary for Plot 5:
B6: Item | C6: Value | F6: Item | G6: Value | J6: Item | K6: Value | N6: Item | O6: Value | R6: Item | S6: Value
B7: Adjusted AGB(Kg) | C7: ='Plot 1'!P42 -> 17.37354 | F7: Adjusted AGB(Kg) | G7: ='Plot 2'!P26 -> 67.387459 | J7: Adjusted AGB(Kg) | K7: ='Plot 3'!P67 -> 12.777699 | N7: Adjusted AGB(Kg) | O7: ='Plot 4'!$P$23 -> 4.0045066 | R7: Adjusted AGB(Kg) | S7: ='Plot 5'!P62 -> 124.92141
B8: Estimated Total Biomass(Kg) | C8: ='Plot 1'!P46 -> 21.543189 | F8: Estimated Total Biomass(Kg) | G8: ='Plot 2'!P30 -> 83.56045 | J8: Estimated Total Biomass(Kg) | K8: ='Plot 3'!P71 -> 15.844346 | N8: Estimated Total Biomass(Kg) | O8: ='Plot 4'!$P$27 -> 4.9655882 | R8: Estimated Total Biomass(Kg) | S8: ='Plot 5'!P66 -> 154.90255
B9: Estimated O₂ Produced(Kg/year) | C9: ='Plot 1'!P50 -> 25.851827 | F9: Estimated O₂ Produced(Kg/year) | G9: ='Plot 2'!P34 -> 100.27254 | J9: Estimated O₂ Produced(Kg/year) | K9: ='Plot 3'!P75 -> 19.013216 | N9: Estimated O₂ Produced(Kg/year) | O9: ='Plot 4'!$P$31 -> 5.9587059 | R9: Estimated O₂ Produced(Kg/year) | S9: ='Plot 5'!P70 -> 185.88305
B10: CO₂ Sequestered( kg CO₂/year)≈ | C10: ='Plot 1'!P54 -> 39.424036 | F10: CO₂ Sequestered( kg CO₂/year)≈ | G10: ='Plot 2'!P38 -> 152.91562 | J10: CO₂ Sequestered( kg CO₂/year)≈ | K10: ='Plot 3'!P79 -> 28.995154 | N10: CO₂ Sequestered( kg CO₂/year)≈ | O10: ='Plot 4'!P35 -> 9.0870264 | R10: CO₂ Sequestered( kg CO₂/year)≈ | S10: ='Plot 5'!P74 -> 283.47166
B23: ✅ Summary for Plot 6: | F23: ✅ Summary for Plot 7: | J23: ✅ Summary for Plot 8: | N23: ✅ Summary for Plot 9: | R23: ✅ Summary for Plot 10:
B25: Item | C25: Value | F25: Item | G25: Value | J25: Item | K25: Value | N25: Item | O25: Value | R25: Item | S25: Value
B26: Adjusted AGB(Kg) | C26: ='Plot 6'!P38 -> 14.706278 | F26: Adjusted AGB(Kg) | G26: ='Plot 7'!P51 -> 98.033616 | J26: Adjusted AGB(Kg) | K26: ='Plot 8'!P29 -> 3.9503913 | N26: Adjusted AGB(Kg) | O26: ='Plot 9'!P44 -> 9.1173846 | R26: Adjusted AGB(Kg) | S26: ='Plot 10'!P21 -> 6.9844994
B27: Estimated Total Biomass(Kg) | C27: ='Plot 6'!P42 -> 18.235785 | F27: Estimated Total Biomass(Kg) | G27: ='Plot 7'!P55 -> 121.56168 | J27: Estimated Total Biomass(Kg) | K27: ='Plot 8'!P33 -> 4.8984852 | N27: Estimated Total Biomass(Kg) | O27: ='Plot 9'!P48 -> 11.305557 | R27: Estimated Total Biomass(Kg) | S27: ='Plot 10'!P25 -> 8.6607793
B28: Estimated O₂ Produced(Kg/year) | C28: ='Plot 6'!P46 -> 21.882942 | F28: Estimated O₂ Produced(Kg/year) | G28: ='Plot 7'!P59 -> 145.87402 | J28: Estimated O₂ Produced(Kg/year) | K28: ='Plot 8'!P37 -> 5.8781822 | N28: Estimated O₂ Produced(Kg/year) | O28: ='Plot 9'!P52 -> 13.566668 | R28: Estimated O₂ Produced(Kg/year) | S28: ='Plot 10'!P29 -> 10.392935
B29: CO₂ Sequestered( kg CO₂/year)≈ | C29: ='Plot 6'!P50 -> 33.371487 | F29: CO₂ Sequestered( kg CO₂/year)≈ | G29: ='Plot 7'!P63 -> 222.45788 | J29: CO₂ Sequestered( kg CO₂/year)≈ | K29: ='Plot 8'!P41 -> 8.9642278 | N29: CO₂ Sequestered( kg CO₂/year)≈ | O29: ='Plot 9'!P56 -> 20.689169 | R29: CO₂ Sequestered( kg CO₂/year)≈ | S29: ='Plot 10'!P33 -> 15.849226

Sheet Es CO₂ seq & To adj AGD
B2: ✅ Step-by-Step Conversion
B4: Each plot is 10m x 10m = 100 m²
B5: There are 10,000 m² in 1 hectare → So, each plot is 1/100 of a hectare
B7: That means to get the per hectare value, we multiply the per plot value by 100.
B9: Also, since current units are in kg CO₂/year, we’ll convert to tonnes CO₂/year:
B10: 1 tonne = 1000 kg
B15: 🔢 CO₂ Sequestration per Plot (in tonnes/ha/year) | H15: 📊 Final Summary
B17: Let’s apply: | H17: Average CO₂ sequestration across 10 plots
B19: CO₂ (tonnes/ha/year)= | C19: CO₂ per plot (kg/year)×100​/1000
C21: =CO₂ per plot (kg/year)÷10
C26: Plot | D26: CO₂ Sequestered (kg/year) | E26: CO₂ Sequestered (tonnes/ha/year) | F26: Total Adjusted AGB (Kg/plot)
C27: 1 | D27: =Summery!C10 -> 39.424036 | E27: =D27/10 -> 3.9424036 | F27: ='Plot 1'!P42 -> 17.37354
C28: 2 | D28: =Summery!G10 -> 152.91562 | E28: =D28/10 -> 15.291562 | F28: ='Plot 2'!P26 -> 67.387459
C29: 3 | D29: =Summery!K10 -> 28.995154 | E29: =D29/10 -> 2.8995154 | F29: ='Plot 3'!P67 -> 12.777699
C30: 4 | D30: =Summery!O10 -> 9.0870264 | E30: =D30/10 -> 0.90870264 | F30: ='Plot 4'!P23 -> 4.0045066
C31: 5 | D31: =Summery!S10 -> 283.47166 | E31: =D31/10 -> 28.347166 | F31: ='Plot 5'!P62 -> 124.92141
C32: 6 | D32: =Summery!C29 -> 33.371487 | E32: =D32/10 -> 3.3371487 | F32: ='Plot 6'!P38 -> 14.706278
C33: 7 | D33: =Summery!G29 -> 222.45788 | E33: =D33/10 -> 22.245788 | F33: ='Plot 7'!P51 -> 98.033616
C34: 8 | D34: =Summery!K29 -> 8.9642278 | E34: =D34/10 -> 0.89642278 | F34: ='Plot 8'!P29 -> 3.9503913
C35: 9 | D35: =Summery!O29 -> 20.689169 | E35: =D35/10 -> 2.0689169 | F35: ='Plot 9'!P44 -> 9.1173846
C36: 10 | D36: =Summery!S29 -> 15.849226 | E36: =D36/10 -> 1.5849226 | F36: ='Plot 10'!P21 -> 6.9844994
D38: Average CO₂ sequestration across 10 plots: | E38: =AVERAGE(Table1[CO₂ Sequestered (tonnes/ha/year)]) -> 8.1522549 | F38: tonnes/ha/year
D39: Total Adjusted AGB (Kg) | E39: =SUM(Table1[Total Adjusted AGB (Kg/plot)]) -> 359.25678 | F39: Kg
D42: Here, there was a part of the lagoon that had been destroyed by fire, an area with well-grown mangrove, as well as areas with small mangrove trees that had been burned under reforestation, and areas with mangrove trees in normal condition. It was prepared based on data obtained from 10 10m * 10m plots selected to cover all.(But in addition, if there were data on the areas under each condition and measurements of the total area, this could be more successful.)

Sheet Plot 1
A1: Kalpitiya Mangrove Inventory
A2: Date:03/2025
A3: Plot No | B3: Tag No | C3: Common Name | D3: Scientific Name | E3: DBH(mm) | F3: Tree Height(m) | G3: Tree Condition(A-D) | H3: Presence of Flowers/Fruits | I3: GPS | J3: Photo Numbers | K3: sub branchers (sb) | L3: branchers(b) | O3: ADG(kg/Tree) | P3: Adjusted AGB(for condition)(kg) | R3: Tree Condition Value | T3: Standadize Tree Condition
A4: 1 | B4: 1 | C4: =IF(J4=1,"බේරිය",IF(J4=2,"මණ්ඩ",IF(J4=3,"කඩොල්",IF(J4=4,"තෙලකීරිය","හීන් කඩොල්/ ඇවරි කඩොල්")))) -> බේරිය | D4: =IF(J4=1,"Lumitzera racemosa",IF(J4=2,"Avicenia marina",IF(J4=3,"Rhizophora spp.",IF(J4=4,"Excoecaria agallocha","Aegiceras corniculatum")))) -> Lumitzera racemosa | E4: 10.57 | F4: 0.58 | G4: B | J4: 1 | K4: 8 | L4: 12 | O4: =0.251*(IF(J4=1,0.7,IF(J4=2,0.58,IF(J4=3,0.62,IF(J4=4,0.45,0.55))))*E4/10*F4)^0.916 -> 0.1156475 | P4: =O4*IF(G4="A",1,IF(G4="B",0.9,IF(G4="C",0.75,0.5))) -> 0.10408275 | R4: =IF(G4="A",1,IF(G4="B",0.9,IF(G4="C",0.75,0.5))) -> 0.9 | T4: =STANDARDIZE(R4,$R$42,$R$43) -> -0.58449446
B5: 2 | C5: =IF(J5=1,"බේරිය",IF(J5=2,"මණ්ඩ",IF(J5=3,"කඩොල්",IF(J5=4,"තෙලකීරිය","හීන් කඩොල්/ ඇවරි කඩොල්")))) -> බේරිය | D5: =IF(J5=1,"Lumitzera racemosa",IF(J5=2,"Avicenia marina",IF(J5=3,"Rhizophora spp.",IF(J5=4,"Excoecaria agallocha","Aegiceras corniculatum")))) -> Lumitzera racemosa | E5: 6.24 | F5: 0.55 | G5: B | J5: 1 | K5: 6 | L5: 8 | O5: =0.251*(IF(J5=1,0.7,IF(J5=2,0.58,IF(J5=3,0.62,IF(J5=4,0.45,0.55))))*E5/10*F5)^0.916 -> 0.067974314 | P5: =O5*IF(G5="A",1,IF(G5="B",0.9,IF(G5="C",0.75,0.5))) -> 0.061176883 | R5: =IF(G5="A",1,IF(G5="B",0.9,IF(G5="C",0.75,0.5))) -> 0.9 | T5: =STANDARDIZE(R5,$R$42,$R$43) -> -0.58449446
B6: 2 | C6: =IF(J6=1,"බේරිය",IF(J6=2,"මණ්ඩ",IF(J6=3,"කඩොල්",IF(J6=4,"තෙලකීරිය","හීන් කඩොල්/ ඇවරි කඩොල්")))) -> බේරිය | D6: =IF(J6=1,"Lumitzera racemosa",IF(J6=2,"Avicenia marina",IF(J6=3,"Rhizophora spp.",IF(J6=4,"Excoecaria agallocha","Aegiceras corniculatum")))) -> Lumitzera racemosa | E6: 15.46 | F6: 0.56 | G6: B | J6: 1 | K6: 8 | L6: 6 | O6: =0.251*(IF(J6=1,0.7,IF(J6=2,0.58,IF(J6=3,0.62,IF(J6=4,0.45,0.55))))*E6/10*F6)^0.916 -> 0.15864984 | P6: =O6*IF(G6="A",1,IF(G6="B",0.9,IF(G6="C",0.75,0.5))) -> 0.14278486 | R6: =IF(G6="A",1,IF(G6="B",0.9,IF(G6="C",0.75,0.5))) -> 0.9 | T6: =STANDARDIZE(R6,$R$42,$R$43) -> -0.58449446
B7: 3 | C7: =IF(J7=1,"බේරිය",IF(J7=2,"මණ්ඩ",IF(J7=3,"කඩොල්",IF(J7=4,"තෙලකීරිය","හීන් කඩොල්/ ඇවරි කඩොල්")))) -> බේරිය | D7: =IF(J7=1,"Lumitzera racemosa",IF(J7=2,"Avicenia marina",IF(J7=3,"Rhizophora spp.",IF(J7=4,"Excoecaria agallocha","Aegiceras corniculatum")))) -> Lumitzera racemosa | E7: 8.99 | F7: 0.43 | G7: B | J7: 1 | K7: 9 | L7: 7 | O7: =0.251*(IF(J7=1,0.7,IF(J7=2,0.58,IF(J7=3,0.62,IF(J7=4,0.45,0.55))))*E7/10*F7)^0.916 -> 0.075802671 | P7: =O7*IF(G7="A",1,IF(G7="B",0.9,IF(G7="C",0.75,0.5))) -> 0.068222404 | R7: =IF(G7="A",1,IF(G7="B",0.9,IF(G7="C",0.75,0.5))) -> 0.9 | T7: =STANDARDIZE(R7,$R$42,$R$43) -> -0.58449446
B8: 4 | C8: =IF(J8=1,"බේරිය",IF(J8=2,"මණ්ඩ",IF(J8=3,"කඩොල්",IF(J8=4,"තෙලකීරිය","හීන් කඩොල්/ ඇවරි කඩොල්")))) -> බේරිය | D8: =IF(J8=1,"Lumitzera racemosa",IF(J8=2,"Avicenia marina",IF(J8=3,"Rhizophora spp.",IF(J8=4,"Excoecaria agallocha","Aegiceras corniculatum")))) -> Lumitzera racemosa | E8: 7.59 | F8: 0.56 | G8: B | J8: 1 | K8: 6 | L8: 11 | O8: =0.251*(IF(J8=1,0.7,IF(J8=2,0.58,IF(J8=3,0.62,IF(J8=4,0.45,0.55))))*E8/10*F8)^0.916 -> 0.082684713 | P8: =O8*IF(G8="A",1,IF(G8="B",0.9,IF(G8="C",0.75,0.5))) -> 0.074416242 | R8: =IF(G8="A",1,IF(G8="B",0.9,IF(G8="C",0.75,0.5))) -> 0.9 | T8: =STANDARDIZE(R8,$R$42,$R$43) -> -0.58449446
B9: 5 | C9: =IF(J9=1,"බේරිය",IF(J9=2,"මණ්ඩ",IF(J9=3,"කඩොල්",IF(J9=4,"තෙලකීරිය","හීන් කඩොල්/ ඇවරි කඩොල්")))) -> බේරිය | D9: =IF(J9=1,"Lumitzera racemosa",IF(J9=2,"Avicenia marina",IF(J9=3,"Rhizophora spp.",IF(J9=4,"Excoecaria agallocha","Aegiceras corniculatum")))) -> Lumitzera racemosa | E9: 5.98 | F9: 0.44 | G9: B | J9: 1 | K9: 4 | L9: 6 | O9: =0.251*(IF(J9=1,0.7,IF(J9=2,0.58,IF(J9=3,0.62,IF(J9=4,0.45,0.55))))*E9/10*F9)^0.916 -> 0.053289846 | P9: =O9*IF(G9="A",1,IF(G9="B",0.9,IF(G9="C",0.75,0.5))) -> 0.047960861 | R9: =IF(G9="A",1,IF(G9="B",0.9,IF(G9="C",0.75,0.5))) -> 0.9 | T9: =STANDARDIZE(R9,$R$42,$R$43) -> -0.58449446
B10: 6 | C10: =IF(J10=1,"බේරිය",IF(J10=2,"මණ්ඩ",IF(J10=3,"කඩොල්",IF(J10=4,"තෙලකීරිය","හීන් කඩොල්/ ඇවරි කඩොල්")))) -> මණ්ඩ | D10: =IF(J10=1,"Lumitzera racemosa",IF(J10=2,"Avicenia marina",IF(J10=3,"Rhizophora spp.",IF(J10=4,"Excoecaria agallocha","Aegiceras corniculatum")))) -> Avicenia marina | E10: 8.57 | F10: 0.76 | G10: A | J10: 2 | K10: 3 | L10: 12 | O10: =0.251*(IF(J10=1,0.7,IF(J10=2,0.58,IF(J10=3,0.62,IF(J10=4,0.45,0.55))))*E10/10*F10)^0.916 -> 0.1028986 | P10: =O10*IF(G10="A",1,IF(G10="B",0.9,IF(G10="C",0.75,0.5))) -> 0.1028986 | R10: =IF(G10="A",1,IF(G10="B",0.9,IF(G10="C",0.75,0.5))) -> 1 | T10: =STANDARDIZE(R10,$R$42,$R$43) -> 1.1456091
B11: 7 | C11: =IF(J11=1,"බේරිය",IF(J11=2,"මණ්ඩ",IF(J11=3,"කඩොල්",IF(J11=4,"තෙලකීරිය","හීන් කඩොල්/ ඇවරි කඩොල්")))) -> බේරිය | D11: =IF(J11=1,"Lumitzera racemosa",IF(J11=2,"Avicenia marina",IF(J11=3,"Rhizophora spp.",IF(J11=4,"Excoecaria agallocha","Aegiceras corniculatum")))) -> Lumitzera racemosa | E11: 9.22 | F11: 0.58 | G11: A | J11: 1 | K11: 10 | L11: 7 | O11: =0.251*(IF(J11=1,0.7,IF(J11=2,0.58,IF(J11=3,0.62,IF(J11=4,0.45,0.55))))*E11/10*F11)^0.916 -> 0.10204156 | P11: =O11*IF(G11="A",1,IF(G11="B",0.9,IF(G11="C",0.75,0.5))) -> 0.10204156 | R11: =IF(G11="A",1,IF(G11="B",0.9,IF(G11="C",0.75,0.5))) -> 1 | T11: =STANDARDIZE(R11,$R$42,$R$43) -> 1.1456091
B12: 8 | C12: =IF(J12=1,"බේරිය",IF(J12=2,"මණ්ඩ",IF(J12=3,"කඩොල්",IF(J12=4,"තෙලකීරිය","හීන් කඩොල්/ ඇවරි කඩොල්")))) -> බේරිය | D12: =IF(J12=1,"Lumitzera racemosa",IF(J12=2,"Avicenia marina",IF(J12=3,"Rhizophora spp.",IF(J12=4,"Excoecaria agallocha","Aegiceras corniculatum")))) -> Lumitzera racemosa | E12: 8.33 | F12: 0.41 | G12: B | J12: 1 | K12: 2 | L12: 7 | O12: =0.251*(IF(J12=1,0.7,IF(J12=2,0.58,IF(J12=3,0.62,IF(J12=4,0.45,0.55))))*E12/10*F12)^0.916 -> 0.067671275 | P12: =O12*IF(G12="A",1,IF(G12="B",0.9,IF(G12="C",0.75,0.5))) -> 0.060904148 | R12: =IF(G12="A",1,IF(G12="B",0.9,IF(G12="C",0.75,0.5))) -> 0.9 | T12: =STANDARDIZE(R12,$R$42,$R$43) -> -0.58449446
B13: 9 | C13: =IF(J13=1,"බේරිය",IF(J13=2,"මණ්ඩ",IF(J13=3,"කඩොල්",IF(J13=4,"තෙලකීරිය","හීන් කඩොල්/ ඇවරි කඩොල්")))) -> බේරිය | D13: =IF(J13=1,"Lumitzera racemosa",IF(J13=2,"Avicenia marina",IF(J13=3,"Rhizophora spp.",IF(J13=4,"Excoecaria agallocha","Aegiceras corniculatum")))) -> Lumitzera racemosa | E13: 13.71 | F13: 0.81 | G13: B | J13: 1 | K13: 9 | L13: 13 | O13: =0.251*(IF(J13=1,0.7,IF(J13=2,0.58,IF(J13=3,0.62,IF(J13=4,0.45,0.55))))*E13/10*F13)^0.916 -> 0.19928844 | P13: =O13*IF(G13="A",1,IF(G13="B",0.9,IF(G13="C",0.75,0.5))) -> 0.1793596 | R13: =IF(G13="A",1,IF(G13="B",0.9,IF(G13="C",0.75,0.5))) -> 0.9 | T13: =STANDARDIZE(R13,$R$42,$R$43) -> -0.58449446
B14: 10 | C14: =IF(J14=1,"බේරිය",IF(J14=2,"මණ්ඩ",IF(J14=3,"කඩොල්",IF(J14=4,"තෙලකීරිය","හීන් කඩොල්/ ඇවරි කඩොල්")))) -> බේරිය | D14: =IF(J14=1,"Lumitzera racemosa",IF(J14=2,"Avicenia marina",IF(J14=3,"Rhizophora spp.",IF(J14=4,"Excoecaria agallocha","Aegiceras corniculatum")))) -> Lumitzera racemosa | E14: 15.99 | F14: 0.66 | G14: B | J14: 1 | K14: 15 | L14: 6 | O14: =0.251*(IF(J14=1,0.7,IF(J14=2,0.58,IF(J14=3,0.62,IF(J14=4,0.45,0.55))))*E14/10*F14)^0.916 -> 0.1902002 | P14: =O14*IF(G14="A",1,IF(G14="B",0.9,IF(G14="C",0.75,0.5))) -> 0.17118018 | R14: =IF(G14="A",1,IF(G14="B",0.9,IF(G14="C",0.75,0.5))) -> 0.9 | T14: =STANDARDIZE(R14,$R$42,$R$43) -> -0.58449446
B15: 11 | C15: =IF(J15=1,"බේරිය",IF(J15=2,"මණ්ඩ",IF(J15=3,"කඩොල්",IF(J15=4,"තෙලකීරිය","හීන් කඩොල්/ ඇවරි කඩොල්")))) -> බේරිය | D15: =IF(J15=1,"Lumitzera racemosa",IF(J15=2,"Avicenia marina",IF(J15=3,"Rhizophora spp.",IF(J15=4,"Excoecaria agallocha","Aegiceras corniculatum")))) -> Lumitzera racemosa | E15: 11.88 | F15: 0.75 | G15: B | J15: 1 | K15: 12 | L15: 11 | O15: =0.251*(IF(J15=1,0.7,IF(J15=2,0.58,IF(J15=3,0.62,IF(J15=4,0.45,0.55))))*E15/10*F15)^0.916 -> 0.1628814 | P15: =O15*IF(G15="A",1,IF(G15="B",0.9,IF(G15="C",0.75,0.5))) -> 0.14659326 | R15: =IF(G15="A",1,IF(G15="B",0.9,IF(G15="C",0.75,0.5))) -> 0.9 | T15: =STANDARDIZE(R15,$R$42,$R$43) -> -0.58449446
B16: 12 | C16: =IF(J16=1,"බේරිය",IF(J16=2,"මණ්ඩ",IF(J16=3,"කඩොල්",IF(J16=4,"තෙලකීරිය","හීන් කඩොල්/ ඇවරි කඩොල්")))) -> බේරිය | D16: =IF(J16=1,"Lumitzera racemosa",IF(J16=2,"Avicenia marina",IF(J16=3,"Rhizophora spp.",IF(J16=4,"Excoecaria agallocha","Aegiceras corniculatum")))) -> Lumitzera racemosa | E16: 13.68 | F16: 0.76 | G16: B | J16: 1 | K16: 7 | L16: 13 | O16: =0.251*(IF(J16=1,0.7,IF(J16=2,0.58,IF(J16=3,0.62,IF(J16=4,0.45,0.55))))*E16/10*F16)^0.916 -> 0.18761331 | P16: =O16*IF(G16="A",1,IF(G16="B",0.9,IF(G16="C",0.75,0.5))) -> 0.16885198 | R16: =IF(G16="A",1,IF(G16="B",0.9,IF(G16="C",0.75,0.5))) -> 0.9 | T16: =STANDARDIZE(R16,$R$42,$R$43) -> -0.58449446
... B40: 37 | C40: =IF(J40=1,"බේරිය",IF(J40=2,"මණ්ඩ",IF(J40=3,"කඩොල්",IF(J40=4,"තෙලකීරිය","හීන් කඩොල්/ ඇවරි කඩොල්")))) -> හීන් කඩොල්/ ඇවරි කඩොල් | D40: =IF(J40=1,"Lumitzera racemosa",IF(J40=2,"Avicenia marina",IF(J40=3,"Rhizophora spp.",IF(J40=4,"Excoecaria agallocha","Aegiceras corniculatum")))) -> Aegiceras corniculatum | E40: 12.8 | F40: 0.94 | G40: B | J40: 5 | K40: 1 | L40: 13 | O40: =0.251*(IF(J40=1,0.7,IF(J40=2,0.58,IF(J40=3,0.62,IF(J40=4,0.45,0.55))))*E40/10*F40)^0.916 -> 0.17196315 | P40: =O40*IF(G40="A",1,IF(G40="B",0.9,IF(G40="C",0.75,0.5))) -> 0.15476683 | R40: =IF(G40="A",1,IF(G40="B",0.9,IF(G40="C",0.75,0.5))) -> 0.9 | T40: =STANDARDIZE(R40,$R$42,$R$43) -> -0.58449446
O42: Total Adjusted AGB (Kg/plot) | P42: =SUM(P4:P40) -> 17.37354 | Q42: Avarage Tree Condition value | R42: =AVERAGE(R4:R40) -> 0.93378378
Q43: STDEV | R43: =STDEV(R4:R40) -> 0.057800007
O45: Total Biomass = AGB + BGB = AGB × (1 + 0.24)
O46: Total Biomass | P46: =P42*1.24 -> 21.543189
O49: 1 kg of dry biomass = ~1.2 kg of oxygen produced annually
O50: O₂ Produced( kg O₂/year)≈ | P50: =P46*1.2 -> 25.851827
O53: CO₂ absorbed | P53: 1 kg biomass → ~1.83 kg CO₂/year
O54: CO₂ Sequestered( kg CO₂/year)≈ | P54: =1.83*P46 -> 39.424036

Sheet Plot 2
A1: Kalpitiya Mangrove Inventory
A2: Date:03/2025
A3: Plot No | B3: Tag No | C3: Common Name | D3: Scientific Name | E3: DBH(mm) | F3: Tree Height(m) | G3: Tree Condition(A-D) | H3: Presence of Flowers/Fruits | I3: GPS | J3: Photo Numbers | K3: sub branchers (sb) | L3: branchers(b) | O3: ADG(kg/Tree) | P3: Adjusted AGB(for condition)(kg) | R3: Tree Condition Value | T3: Standadize Tree Condition
A4: 2 | B4: 38 | C4: =IF(J4=1,"බේරිය",IF(J4=2,"මණ්ඩ",IF(J4=3,"කඩොල්",IF(J4=4,"තෙලකීරිය","හීන් කඩොල්/ ඇවරි කඩොල්")))) -> තෙලකීරිය | D4: =IF(J4=1,"Lumitzera racemosa",IF(J4=2,"Avicenia marina",IF(J4=3,"Rhizophora spp.",IF(J4=4,"Excoecaria agallocha","Aegiceras corniculatum")))) -> Excoecaria agallocha | E4: 40.78 | F4: 2.38 | G4: A | J4: 4 | K4: 11 | L4: 7 | O4: =0.251*(IF(J4=1,0.7,IF(J4=2,0.58,IF(J4=3,0.62,IF(J4=4,0.45,0.55))))*E4/10*F4)^0.916 -> 0.96856893 | P4: =O4*IF(G4="A",1,IF(G4="B",0.9,IF(G4="C",0.75,0.5))) -> 0.96856893 | R4: =IF(G4="A",1,IF(G4="B",0.9,IF(G4="C",0.75,0.5))) -> 1 | T4: =STANDARDIZE(R4,$R$26,$R$27) -> 0.5665927
B5: 39 | C5: =IF(J5=1,"බේරිය",IF(J5=2,"මණ්ඩ",IF(J5=3,"කඩොල්",IF(J5=4,"තෙලකීරිය","හීන් කඩොල්/ ඇවරි කඩොල්")))) -> බේරිය | D5: =IF(J5=1,"Lumitzera racemosa",IF(J5=2,"Avicenia marina",IF(J5=3,"Rhizophora spp.",IF(J5=4,"Excoecaria agallocha","Aegiceras corniculatum")))) -> Lumitzera racemosa | E5: 17.9 | F5: 3.81 | G5: A | J5: 1 | K5: 15 | L5: 12 | O5: =0.251*(IF(J5=1,0.7,IF(J5=2,0.58,IF(J5=3,0.62,IF(J5=4,0.45,0.55))))*E5/10*F5)^0.916 -> 1.05081 | P5: =O5*IF(G5="A",1,IF(G5="B",0.9,IF(G5="C",0.75,0.5))) -> 1.05081 | R5: =IF(G5="A",1,IF(G5="B",0.9,IF(G5="C",0.75,0.5))) -> 1 | T5: =STANDARDIZE(R5,$R$26,$R$27) -> 0.5665927
B6: 40 | C6: =IF(J6=1,"බේරිය",IF(J6=2,"මණ්ඩ",IF(J6=3,"කඩොල්",IF(J6=4,"තෙලකීරිය","හීන් කඩොල්/ ඇවරි කඩොල්")))) -> බේරිය | D6: =IF(J6=1,"Lumitzera racemosa",IF(J6=2,"Avicenia marina",IF(J6=3,"Rhizophora spp.",IF(J6=4,"Excoecaria agallocha","Aegiceras corniculatum")))) -> Lumitzera racemosa | E6: 39.97 | F6: 1.73 | G6: A | J6: 1 | K6: 10 | L6: 4 | O6: =0.251*(IF(J6=1,0.7,IF(J6=2,0.58,IF(J6=3,0.62,IF(J6=4,0.45,0.55))))*E6/10*F6)^0.916 -> 1.0641975 | P6: =O6*IF(G6="A",1,IF(G6="B",0.9,IF(G6="C",0.75,0.5))) -> 1.0641975 | R6: =IF(G6="A",1,IF(G6="B",0.9,IF(G6="C",0.75,0.5))) -> 1 | T6: =STANDARDIZE(R6,$R$26,$R$27) -> 0.5665927
B7: 41 | C7: =IF(J7=1,"බේරිය",IF(J7=2,"මණ්ඩ",IF(J7=3,"කඩොල්",IF(J7=4,"තෙලකීරිය","හීන් කඩොල්/ ඇවරි කඩොල්")))) -> බේරිය | D7: =IF(J7=1,"Lumitzera racemosa",IF(J7=2,"Avicenia marina",IF(J7=3,"Rhizophora spp.",IF(J7=4,"Excoecaria agallocha","Aegiceras corniculatum")))) -> Lumitzera racemosa | E7: 12.98 | F7: 1.42 | G7: A | J7: 1 | K7: 12 | L7: 7 | O7: =0.251*(IF(J7=1,0.7,IF(J7=2,0.58,IF(J7=3,0.62,IF(J7=4,0.45,0.55))))*E7/10*F7)^0.916 -> 0.31698541 | P7: =O7*IF(G7="A",1,IF(G7="B",0.9,IF(G7="C",0.75,0.5))) -> 0.31698541 | R7: =IF(G7="A",1,IF(G7="B",0.9,IF(G7="C",0.75,0.5))) -> 1 | T7: =STANDARDIZE(R7,$R$26,$R$27) -> 0.5665927
B8: 42 | C8: =IF(J8=1,"බේරිය",IF(J8=2,"මණ්ඩ",IF(J8=3,"කඩොල්",IF(J8=4,"තෙලකීරිය","හීන් කඩොල්/ ඇවරි කඩොල්")))) -> බේරිය | D8: =IF(J8=1,"Lumitzera racemosa",IF(J8=2,"Avicenia marina",IF(J8=3,"Rhizophora spp.",IF(J8=4,"Excoecaria agallocha","Aegiceras corniculatum")))) -> Lumitzera racemosa | E8: 9.3 | F8: 0.99 | G8: B | J8: 1 | K8: 7 | L8: 13 | O8: =0.251*(IF(J8=1,0.7,IF(J8=2,0.58,IF(J8=3,0.62,IF(J8=4,0.45,0.55))))*E8/10*F8)^0.916 -> 0.16784784 | P8: =O8*IF(G8="A",1,IF(G8="B",0.9,IF(G8="C",0.75,0.5))) -> 0.15106305 | R8: =IF(G8="A",1,IF(G8="B",0.9,IF(G8="C",0.75,0.5))) -> 0.9 | T8: =STANDARDIZE(R8,$R$26,$R$27) -> -0.22663708
B9: 43 | C9: =IF(J9=1,"බේරිය",IF(J9=2,"මණ්ඩ",IF(J9=3,"කඩොල්",IF(J9=4,"තෙලකීරිය","හීන් කඩොල්/ ඇවරි කඩොල්")))) -> බේරිය | D9: =IF(J9=1,"Lumitzera racemosa",IF(J9=2,"Avicenia marina",IF(J9=3,"Rhizophora spp.",IF(J9=4,"Excoecaria agallocha","Aegiceras corniculatum")))) -> Lumitzera racemosa | E9: 12.23 | F9: 0.84 | G9: B | J9: 1 | K9: 4 | L9: 12 | O9: =0.251*(IF(J9=1,0.7,IF(J9=2,0.58,IF(J9=3,0.62,IF(J9=4,0.45,0.55))))*E9/10*F9)^0.916 -> 0.18556924 | P9: =O9*IF(G9="A",1,IF(G9="B",0.9,IF(G9="C",0.75,0.5))) -> 0.16701232 | R9: =IF(G9="A",1,IF(G9="B",0.9,IF(G9="C",0.75,0.5))) -> 0.9 | T9: =STANDARDIZE(R9,$R$26,$R$27) -> -0.22663708
B10: 44 | C10: =IF(J10=1,"බේරිය",IF(J10=2,"මණ්ඩ",IF(J10=3,"කඩොල්",IF(J10=4,"තෙලකීරිය","හීන් කඩොල්/ ඇවරි කඩොල්")))) -> බේරිය | D10: =IF(J10=1,"Lumitzera racemosa",IF(J10=2,"Avicenia marina",IF(J10=3,"Rhizophora spp.",IF(J10=4,"Excoecaria agallocha","Aegiceras corniculatum")))) -> Lumitzera racemosa | E10: 23.45 | F10: 0.54 | G10: B | J10: 1 | K10: 2 | L10: 9 | O10: =0.251*(IF(J10=1,0.7,IF(J10=2,0.58,IF(J10=3,0.62,IF(J10=4,0.45,0.55))))*E10/10*F10)^0.916 -> 0.22475381 | P10: =O10*IF(G10="A",1,IF(G10="B",0.9,IF(G10="C",0.75,0.5))) -> 0.20227843 | R10: =IF(G10="A",1,IF(G10="B",0.9,IF(G10="C",0.75,0.5))) -> 0.9 | T10: =STANDARDIZE(R10,$R$26,$R$27) -> -0.22663708
B11: 45 | C11: =IF(J11=1,"බේරිය",IF(J11=2,"මණ්ඩ",IF(J11=3,"කඩොල්",IF(J11=4,"තෙලකීරිය","හීන් කඩොල්/ ඇවරි කඩොල්")))) -> බේරිය | D11: =IF(J11=1,"Lumitzera racemosa",IF(J11=2,"Avicenia marina",IF(J11=3,"Rhizophora spp.",IF(J11=4,"Excoecaria agallocha","Aegiceras corniculatum")))) -> Lumitzera racemosa | E11: 27.27 | F11: 193 | G11: A | J11: 1 | K11: 10 | L11: 3 | O11: =0.251*(IF(J11=1,0.7,IF(J11=2,0.58,IF(J11=3,0.62,IF(J11=4,0.45,0.55))))*E11/10*F11)^0.916 -> 56.291343 | P11: =O11*IF(G11="A",1,IF(G11="B",0.9,IF(G11="C",0.75,0.5))) -> 56.291343 | R11: =IF(G11="A",1,IF(G11="B",0.9,IF(G11="C",0.75,0.5))) -> 1 | T11: =STANDARDIZE(R11,$R$26,$R$27) -> 0.5665927
B12: 46 | C12: =IF(J12=1,"බේරිය",IF(J12=2,"මණ්ඩ",IF(J12=3,"කඩොල්",IF(J12=4,"තෙලකීරිය","හීන් කඩොල්/ ඇවරි කඩොල්")))) -> බේරිය | D12: =IF(J12=1,"Lumitzera racemosa",IF(J12=2,"Avicenia marina",IF(J12=3,"Rhizophora spp.",IF(J12=4,"Excoecaria agallocha","Aegiceras corniculatum")))) -> Lumitzera racemosa | E12: 23.65 | F12: 1.37 | G12: A | J12: 1 | K12: 4 | L12: 26 | O12: =0.251*(IF(J12=1,0.7,IF(J12=2,0.58,IF(J12=3,0.62,IF(J12=4,0.45,0.55))))*E12/10*F12)^0.916 -> 0.53143346 | P12: =O12*IF(G12="A",1,IF(G12="B",0.9,IF(G12="C",0.75,0.5))) -> 0.53143346 | R12: =IF(G12="A",1,IF(G12="B",0.9,IF(G12="C",0.75,0.5))) -> 1 | T12: =STANDARDIZE(R12,$R$26,$R$27) -> 0.5665927
B13: 47 | C13: =IF(J13=1,"බේරිය",IF(J13=2,"මණ්ඩ",IF(J13=3,"කඩොල්",IF(J13=4,"තෙලකීරිය","හීන් කඩොල්/ ඇවරි කඩොල්")))) -> තෙලකීරිය | D13: =IF(J13=1,"Lumitzera racemosa",IF(J13=2,"Avicenia marina",IF(J13=3,"Rhizophora spp.",IF(J13=4,"Excoecaria agallocha","Aegiceras corniculatum")))) -> Excoecaria agallocha | E13: 28.68 | F13: 0.99 | G13: A | J13: 4 | K13: 2 | L13: 13 | O13: =0.251*(IF(J13=1,0.7,IF(J13=2,0.58,IF(J13=3,0.62,IF(J13=4,0.45,0.55))))*E13/10*F13)^0.916 -> 0.31416711 | P13: =O13*IF(G13="A",1,IF(G13="B",0.9,IF(G13="C",0.75,0.5))) -> 0.31416711 | R13: =IF(G13="A",1,IF(G13="B",0.9,IF(G13="C",0.75,0.5))) -> 1 | T13: =STANDARDIZE(R13,$R$26,$R$27) -> 0.5665927
B14: 48 | C14: =IF(J14=1,"බේරිය",IF(J14=2,"මණ්ඩ",IF(J14=3,"කඩොල්",IF(J14=4,"තෙලකීරිය","හීන් කඩොල්/ ඇවරි කඩොල්")))) -> බේරිය | D14: =IF(J14=1,"Lumitzera racemosa",IF(J14=2,"Avicenia marina",IF(J14=3,"Rhizophora spp.",IF(J14=4,"Excoecaria agallocha","Aegiceras corniculatum")))) -> Lumitzera racemosa | E14: 15.38 | F14: 0.86 | G14: B | J14: 1 | K14: 5 | L14: 7 | O14: =0.251*(IF(J14=1,0.7,IF(J14=2,0.58,IF(J14=3,0.62,IF(J14=4,0.45,0.55))))*E14/10*F14)^0.916 -> 0.23390317 | P14: =O14*IF(G14="A",1,IF(G14="B",0.9,IF(G14="C",0.75,0.5))) -> 0.21051285 | R14: =IF(G14="A",1,IF(G14="B",0.9,IF(G14="C",0.75,0.5))) -> 0.9 | T14: =STANDARDIZE(R14,$R$26,$R$27) -> -0.22663708
B15: 49 | C15: =IF(J15=1,"බේරිය",IF(J15=2,"මණ්ඩ",IF(J15=3,"කඩොල්",IF(J15=4,"තෙලකීරිය","හීන් කඩොල්/ ඇවරි කඩොල්")))) -> බේරිය | D15: =IF(J15=1,"Lumitzera racemosa",IF(J15=2,"Avicenia marina",IF(J15=3,"Rhizophora spp.",IF(J15=4,"Excoecaria agallocha","Aegiceras corniculatum")))) -> Lumitzera racemosa | E15: 32.63 | F15: 1.4 | G15: B | J15: 1 | K15: 13 | L15: 7 | O15: =0.251*(IF(J15=1,0.7,IF(J15=2,0.58,IF(J15=3,0.62,IF(J15=4,0.45,0.55))))*E15/10*F15)^0.916 -> 0.72796424 | P15: =O15*IF(G15="A",1,IF(G15="B",0.9,IF(G15="C",0.75,0.5))) -> 0.65516782 | R15: =IF(G15="A",1,IF(G15="B",0.9,IF(G15="C",0.75,0.5))) -> 0.9 | T15: =STANDARDIZE(R15,$R$26,$R$27) -> -0.22663708
B16: 50 | C16: =IF(J16=1,"බේරිය",IF(J16=2,"මණ්ඩ",IF(J16=3,"කඩොල්",IF(J16=4,"තෙලකීරිය","හීන් කඩොල්/ ඇවරි කඩොල්")))) -> බේරිය | D16: =IF(J16=1,"Lumitzera racemosa",IF(J16=2,"Avicenia marina",IF(J16=3,"Rhizophora spp.",IF(J16=4,"Excoecaria agallocha","Aegiceras corniculatum")))) -> Lumitzera racemosa | E16: 44.59 | F16: 1.37 | G16: A | J16: 1 | K16: 1 | L16: 8 | O16: =0.251*(IF(J16=1,0.7,IF(J16=2,0.58,IF(J16=3,0.62,IF(J16=4,0.45,0.55))))*E16/10*F16)^0.916 -> 0.9499945 | P16: =O16*IF(G16="A",1,IF(G16="B",0.9,IF(G16="C",0.75,0.5))) -> 0.9499945 | R16: =IF(G16="A",1,IF(G16="B",0.9,IF(G16="C",0.75,0.5))) -> 1 | T16: =STANDARDIZE(R16,$R$26,$R$27) -> 0.5665927
... B23: 57 | C23: =IF(J23=1,"බේරිය",IF(J23=2,"මණ්ඩ",IF(J23=3,"කඩොල්",IF(J23=4,"තෙලකීරිය","හීන් කඩොල්/ ඇවරි කඩොල්")))) -> බේරිය | D23: =IF(J23=1,"Lumitzera racemosa",IF(J23=2,"Avicenia marina",IF(J23=3,"Rhizophora spp.",IF(J23=4,"Excoecaria agallocha","Aegiceras corniculatum")))) -> Lumitzera racemosa | E23: 28.63 | F23: 1.5 | G23: A | J23: 1 | K23: 2 | L23: 7 | O23: =0.251*(IF(J23=1,0.7,IF(J23=2,0.58,IF(J23=3,0.62,IF(J23=4,0.45,0.55))))*E23/10*F23)^0.916 -> 0.68790976 | P23: =O23*IF(G23="A",1,IF(G23="B",0.9,IF(G23="C",0.75,0.5))) -> 0.68790976 | R23: =IF(G23="A",1,IF(G23="B",0.9,IF(G23="C",0.75,0.5))) -> 1 | T23: =STANDARDIZE(R23,$R$26,$R$27) -> 0.5665927
B24: 58 | C24: =IF(J24=1,"බේරිය",IF(J24=2,"මණ්ඩ",IF(J24=3,"කඩොල්",IF(J24=4,"තෙලකීරිය","හීන් කඩොල්/ ඇවරි කඩොල්")))) -> බේරිය | D24: =IF(J24=1,"Lumitzera racemosa",IF(J24=2,"Avicenia marina",IF(J24=3,"Rhizophora spp.",IF(J24=4,"Excoecaria agallocha","Aegiceras corniculatum")))) -> Lumitzera racemosa | E24: 34.84 | F24: 1.57 | G24: A | H24: Flowers | J24: 1 | K24: 3 | L24: 9 | O24: =0.251*(IF(J24=1,0.7,IF(J24=2,0.58,IF(J24=3,0.62,IF(J24=4,0.45,0.55))))*E24/10*F24)^0.916 -> 0.85856107 | P24: =O24*IF(G24="A",1,IF(G24="B",0.9,IF(G24="C",0.75,0.5))) -> 0.85856107 | R24: =IF(G24="A",1,IF(G24="B",0.9,IF(G24="C",0.75,0.5))) -> 1 | T24: =STANDARDIZE(R24,$R$26,$R$27) -> 0.5665927
O26: Total Adjusted AGB (Kg/plot) | P26: =SUM(P4:P24) -> 67.387459 | Q26: Avarage Tree Condition value | R26: =AVERAGE(R4:R24) -> 0.92857143
Q27: STDEV | R27: =STDEV(R4:R24) -> 0.12606688
O29: Total Biomass = AGB + BGB = AGB × (1 + 0.24)
O30: Total Biomass | P30: =1.24*P26 -> 83.56045
O33: 1 kg of dry biomass = ~1.2 kg of oxygen produced annually
O34: O₂ Produced( kg O₂/year)≈ | P34: =1.2*P30 -> 100.27254
O37: CO₂ absorbed | P37: 1 kg biomass → ~1.83 kg CO₂/year
O38: CO₂ Sequestered( kg CO₂/year)≈ | P38: =1.83*P30 -> 152.91562

Sheet Plot 3
A1: Kalpitiya Mangrove Inventory
A2: Date:03/2025
A3: Plot No | B3: Tag No | C3: Common Name | D3: Scientific Name | E3: DBH(mm) | F3: Tree Height(m) | G3: Tree Condition(A-D) | H3: Presence of Flowers/Fruits | I3: GPS | J3: Photo Numbers | K3: sub branchers (sb) | L3: branchers(b) | O3: ADG(kg/Tree) | P3: Adjusted AGB(for condition)(kg) | R3: Tree Condition Value | T3: Standadize Tree Condition
A4: 3 | B4: 59 | C4: =IF(J4=1,"බේරිය",IF(J4=2,"මණ්ඩ",IF(J4=3,"කඩොල්",IF(J4=4,"තෙලකීරිය","හීන් කඩොල්/ ඇවරි කඩොල්")))) -> බේරිය | D4: =IF(J4=1,"Lumitzera racemosa",IF(J4=2,"Avicenia marina",IF(J4=3,"Rhizophora spp.",IF(J4=4,"Excoecaria agallocha","Aegiceras corniculatum")))) -> Lumitzera racemosa | E4: 29.62 | F4: 1.7 | G4: A | J4: 1 | K4: 8 | L4: 15 | O4: =0.251*(IF(J4=1,0.7,IF(J4=2,0.58,IF(J4=3,0.62,IF(J4=4,0.45,0.55))))*E4/10*F4)^0.916 -> 0.79587827 | P4: =O4*IF(G4="A",1,IF(G4="B",0.9,IF(G4="C",0.75,0.5))) -> 0.79587827 | R4: =IF(G4="A",1,IF(G4="B",0.9,IF(G4="C",0.75,0.5))) -> 1 | T4: =STANDARDIZE(R4,$R$67,$R$68) -> 1.8617939
B5: 60 | C5: =IF(J5=1,"බේරිය",IF(J5=2,"මණ්ඩ",IF(J5=3,"කඩොල්",IF(J5=4,"තෙලකීරිය","හීන් කඩොල්/ ඇවරි කඩොල්")))) -> බේරිය | D5: =IF(J5=1,"Lumitzera racemosa",IF(J5=2,"Avicenia marina",IF(J5=3,"Rhizophora spp.",IF(J5=4,"Excoecaria agallocha","Aegiceras corniculatum")))) -> Lumitzera racemosa | E5: 33 | F5: 1.65 | G5: D | J5: 1 | K5: 4 | L5: 8 | O5: =0.251*(IF(J5=1,0.7,IF(J5=2,0.58,IF(J5=3,0.62,IF(J5=4,0.45,0.55))))*E5/10*F5)^0.916 -> 0.85498321 | P5: =O5*IF(G5="A",1,IF(G5="B",0.9,IF(G5="C",0.75,0.5))) -> 0.42749161 | R5: =IF(G5="A",1,IF(G5="B",0.9,IF(G5="C",0.75,0.5))) -> 0.5 | T5: =STANDARDIZE(R5,$R$67,$R$68) -> -0.71479587
B6: 61 | C6: =IF(J6=1,"බේරිය",IF(J6=2,"මණ්ඩ",IF(J6=3,"කඩොල්",IF(J6=4,"තෙලකීරිය","හීන් කඩොල්/ ඇවරි කඩොල්")))) -> බේරිය | D6: =IF(J6=1,"Lumitzera racemosa",IF(J6=2,"Avicenia marina",IF(J6=3,"Rhizophora spp.",IF(J6=4,"Excoecaria agallocha","Aegiceras corniculatum")))) -> Lumitzera racemosa | E6: 13.99 | F6: 0.81 | G6: D | J6: 1 | K6: 3 | L6: 6 | O6: =0.251*(IF(J6=1,0.7,IF(J6=2,0.58,IF(J6=3,0.62,IF(J6=4,0.45,0.55))))*E6/10*F6)^0.916 -> 0.20301346 | P6: =O6*IF(G6="A",1,IF(G6="B",0.9,IF(G6="C",0.75,0.5))) -> 0.10150673 | R6: =IF(G6="A",1,IF(G6="B",0.9,IF(G6="C",0.75,0.5))) -> 0.5 | T6: =STANDARDIZE(R6,$R$67,$R$68) -> -0.71479587
B7: 62 | C7: =IF(J7=1,"බේරිය",IF(J7=2,"මණ්ඩ",IF(J7=3,"කඩොල්",IF(J7=4,"තෙලකීරිය","හීන් කඩොල්/ ඇවරි කඩොල්")))) -> බේරිය | D7: =IF(J7=1,"Lumitzera racemosa",IF(J7=2,"Avicenia marina",IF(J7=3,"Rhizophora spp.",IF(J7=4,"Excoecaria agallocha","Aegiceras corniculatum")))) -> Lumitzera racemosa | E7: 28.53 | F7: 1.57 | G7: A | J7: 1 | K7: 13 | L7: 8 | O7: =0.251*(IF(J7=1,0.7,IF(J7=2,0.58,IF(J7=3,0.62,IF(J7=4,0.45,0.55))))*E7/10*F7)^0.916 -> 0.71496376 | P7: =O7*IF(G7="A",1,IF(G7="B",0.9,IF(G7="C",0.75,0.5))) -> 0.71496376 | R7: =IF(G7="A",1,IF(G7="B",0.9,IF(G7="C",0.75,0.5))) -> 1 | T7: =STANDARDIZE(R7,$R$67,$R$68) -> 1.8617939
B8: 63 | C8: =IF(J8=1,"බේරිය",IF(J8=2,"මණ්ඩ",IF(J8=3,"කඩොල්",IF(J8=4,"තෙලකීරිය","හීන් කඩොල්/ ඇවරි කඩොල්")))) -> තෙලකීරිය | D8: =IF(J8=1,"Lumitzera racemosa",IF(J8=2,"Avicenia marina",IF(J8=3,"Rhizophora spp.",IF(J8=4,"Excoecaria agallocha","Aegiceras corniculatum")))) -> Excoecaria agallocha | E8: 22.6 | F8: 1.3 | G8: A | J8: 4 | K8: 3 | L8: 8 | O8: =0.251*(IF(J8=1,0.7,IF(J8=2,0.58,IF(J8=3,0.62,IF(J8=4,0.45,0.55))))*E8/10*F8)^0.916 -> 0.32415433 | P8: =O8*IF(G8="A",1,IF(G8="B",0.9,IF(G8="C",0.75,0.5))) -> 0.32415433 | R8: =IF(G8="A",1,IF(G8="B",0.9,IF(G8="C",0.75,0.5))) -> 1 | T8: =STANDARDIZE(R8,$R$67,$R$68) -> 1.8617939
B9: 64 | C9: =IF(J9=1,"බේරිය",IF(J9=2,"මණ්ඩ",IF(J9=3,"කඩොල්",IF(J9=4,"තෙලකීරිය","හීන් කඩොල්/ ඇවරි කඩොල්")))) -> තෙලකීරිය | D9: =IF(J9=1,"Lumitzera racemosa",IF(J9=2,"Avicenia marina",IF(J9=3,"Rhizophora spp.",IF(J9=4,"Excoecaria agallocha","Aegiceras corniculatum")))) -> Excoecaria agallocha | E9: 10.26 | F9: 0.58 | G9: C | J9: 4 | K9: 1 | L9: 5 | O9: =0.251*(IF(J9=1,0.7,IF(J9=2,0.58,IF(J9=3,0.62,IF(J9=4,0.45,0.55))))*E9/10*F9)^0.916 -> 0.075080544 | P9: =O9*IF(G9="A",1,IF(G9="B",0.9,IF(G9="C",0.75,0.5))) -> 0.056310408 | R9: =IF(G9="A",1,IF(G9="B",0.9,IF(G9="C",0.75,0.5))) -> 0.75 | T9: =STANDARDIZE(R9,$R$67,$R$68) -> 0.57349901
B10: 65 | C10: =IF(J10=1,"බේරිය",IF(J10=2,"මණ්ඩ",IF(J10=3,"කඩොල්",IF(J10=4,"තෙලකීරිය","හීන් කඩොල්/ ඇවරි කඩොල්")))) -> තෙලකීරිය | D10: =IF(J10=1,"Lumitzera racemosa",IF(J10=2,"Avicenia marina",IF(J10=3,"Rhizophora spp.",IF(J10=4,"Excoecaria agallocha","Aegiceras corniculatum")))) -> Excoecaria agallocha | E10: 11.48 | F10: 0.84 | G10: B | J10: 4 | K10: 1 | L10: 10 | O10: =0.251*(IF(J10=1,0.7,IF(J10=2,0.58,IF(J10=3,0.62,IF(J10=4,0.45,0.55))))*E10/10*F10)^0.916 -> 0.11683231 | P10: =O10*IF(G10="A",1,IF(G10="B",0.9,IF(G10="C",0.75,0.5))) -> 0.10514908 | R10: =IF(G10="A",1,IF(G10="B",0.9,IF(G10="C",0.75,0.5))) -> 0.9 | T10: =STANDARDIZE(R10,$R$67,$R$68) -> 1.3464759
B11: 66 | C11: =IF(J11=1,"බේරිය",IF(J11=2,"මණ්ඩ",IF(J11=3,"කඩොල්",IF(J11=4,"තෙලකීරිය","හීන් කඩොල්/ ඇවරි කඩොල්")))) -> බේරිය | D11: =IF(J11=1,"Lumitzera racemosa",IF(J11=2,"Avicenia marina",IF(J11=3,"Rhizophora spp.",IF(J11=4,"Excoecaria agallocha","Aegiceras corniculatum")))) -> Lumitzera racemosa | E11: 8.17 | F11: 0.79 | G11: B | J11: 1 | K11: 2 | L11: 7 | O11: =0.251*(IF(J11=1,0.7,IF(J11=2,0.58,IF(J11=3,0.62,IF(J11=4,0.45,0.55))))*E11/10*F11)^0.916 -> 0.12122867 | P11: =O11*IF(G11="A",1,IF(G11="B",0.9,IF(G11="C",0.75,0.5))) -> 0.1091058 | R11: =IF(G11="A",1,IF(G11="B",0.9,IF(G11="C",0.75,0.5))) -> 0.9 | T11: =STANDARDIZE(R11,$R$67,$R$68) -> 1.3464759
B12: 67 | C12: =IF(J12=1,"බේරිය",IF(J12=2,"මණ්ඩ",IF(J12=3,"කඩොල්",IF(J12=4,"තෙලකීරිය","හීන් කඩොල්/ ඇවරි කඩොල්")))) -> බේරිය | D12: =IF(J12=1,"Lumitzera racemosa",IF(J12=2,"Avicenia marina",IF(J12=3,"Rhizophora spp.",IF(J12=4,"Excoecaria agallocha","Aegiceras corniculatum")))) -> Lumitzera racemosa | E12: 17.6 | F12: 2.13 | G12: B | J12: 1 | K12: 4 | L12: 18 | O12: =0.251*(IF(J12=1,0.7,IF(J12=2,0.58,IF(J12=3,0.62,IF(J12=4,0.45,0.55))))*E12/10*F12)^0.916 -> 0.60739169 | P12: =O12*IF(G12="A",1,IF(G12="B",0.9,IF(G12="C",0.75,0.5))) -> 0.54665252 | R12: =IF(G12="A",1,IF(G12="B",0.9,IF(G12="C",0.75,0.5))) -> 0.9 | T12: =STANDARDIZE(R12,$R$67,$R$68) -> 1.3464759
B13: 68 | C13: =IF(J13=1,"බේරිය",IF(J13=2,"මණ්ඩ",IF(J13=3,"කඩොල්",IF(J13=4,"තෙලකීරිය","හීන් කඩොල්/ ඇවරි කඩොල්")))) -> බේරිය | D13: =IF(J13=1,"Lumitzera racemosa",IF(J13=2,"Avicenia marina",IF(J13=3,"Rhizophora spp.",IF(J13=4,"Excoecaria agallocha","Aegiceras corniculatum")))) -> Lumitzera racemosa | E13: 16 | F13: 1.57 | G13: B | J13: 1 | K13: 2 | L13: 12 | O13: =0.251*(IF(J13=1,0.7,IF(J13=2,0.58,IF(J13=3,0.62,IF(J13=4,0.45,0.55))))*E13/10*F13)^0.916 -> 0.42092189 | P13: =O13*IF(G13="A",1,IF(G13="B",0.9,IF(G13="C",0.75,0.5))) -> 0.3788297 | R13: =IF(G13="A",1,IF(G13="B",0.9,IF(G13="C",0.75,0.5))) -> 0.9 | T13: =STANDARDIZE(R13,$R$67,$R$68) -> 1.3464759
B14: 69 | C14: =IF(J14=1,"බේරිය",IF(J14=2,"මණ්ඩ",IF(J14=3,"කඩොල්",IF(J14=4,"තෙලකීරිය","හීන් කඩොල්/ ඇවරි කඩොල්")))) -> තෙලකීරිය | D14: =IF(J14=1,"Lumitzera racemosa",IF(J14=2,"Avicenia marina",IF(J14=3,"Rhizophora spp.",IF(J14=4,"Excoecaria agallocha","Aegiceras corniculatum")))) -> Excoecaria agallocha | E14: 29 | F14: 0.71 | G14: C | J14: 4 | K14: 1 | L14: 5 | O14: =0.251*(IF(J14=1,0.7,IF(J14=2,0.58,IF(J14=3,0.62,IF(J14=4,0.45,0.55))))*E14/10*F14)^0.916 -> 0.23405914 | P14: =O14*IF(G14="A",1,IF(G14="B",0.9,IF(G14="C",0.75,0.5))) -> 0.17554435 | R14: =IF(G14="A",1,IF(G14="B",0.9,IF(G14="C",0.75,0.5))) -> 0.75 | T14: =STANDARDIZE(R14,$R$67,$R$68) -> 0.57349901
B15: 70 | C15: =IF(J15=1,"බේරිය",IF(J15=2,"මණ්ඩ",IF(J15=3,"කඩොල්",IF(J15=4,"තෙලකීරිය","හීන් කඩොල්/ ඇවරි කඩොල්")))) -> තෙලකීරිය | D15: =IF(J15=1,"Lumitzera racemosa",IF(J15=2,"Avicenia marina",IF(J15=3,"Rhizophora spp.",IF(J15=4,"Excoecaria agallocha","Aegiceras corniculatum")))) -> Excoecaria agallocha | E15: 16.81 | F15: 0.66 | G15: A | J15: 4 | K15: 1 | L15: 6 | O15: =0.251*(IF(J15=1,0.7,IF(J15=2,0.58,IF(J15=3,0.62,IF(J15=4,0.45,0.55))))*E15/10*F15)^0.916 -> 0.13284299 | P15: =O15*IF(G15="A",1,IF(G15="B",0.9,IF(G15="C",0.75,0.5))) -> 0.13284299 | R15: =IF(G15="A",1,IF(G15="B",0.9,IF(G15="C",0.75,0.5))) -> 1 | T15: =STANDARDIZE(R15,$R$67,$R$68) -> 1.8617939
B16: 71 | C16: =IF(J16=1,"බේරිය",IF(J16=2,"මණ්ඩ",IF(J16=3,"කඩොල්",IF(J16=4,"තෙලකීරිය","හීන් කඩොල්/ ඇවරි කඩොල්")))) -> බේරිය | D16: =IF(J16=1,"Lumitzera racemosa",IF(J16=2,"Avicenia marina",IF(J16=3,"Rhizophora spp.",IF(J16=4,"Excoecaria agallocha","Aegiceras corniculatum")))) -> Lumitzera racemosa | E16: 12.37 | F16: 1.04 | G16: D | H16: Flowers | J16: 1 | K16: 2 | L16: 22 | O16: =0.251*(IF(J16=1,0.7,IF(J16=2,0.58,IF(J16=3,0.62,IF(J16=4,0.45,0.55))))*E16/10*F16)^0.916 -> 0.22803248 | P16: =O16*IF(G16="A",1,IF(G16="B",0.9,IF(G16="C",0.75,0.5))) -> 0.11401624 | R16: =IF(G16="A",1,IF(G16="B",0.9,IF(G16="C",0.75,0.5))) -> 0.5 | T16: =STANDARDIZE(R16,$R$67,$R$68) -> -0.71479587
B17: 72 | C17: =IF(J17=1,"බේරිය",IF(J17=2,"මණ්ඩ",IF(J17=3,"කඩොල්",IF(J17=4,"තෙලකීරිය","හීන් කඩොල්/ ඇවරි කඩොල්")))) -> බේරිය | D17: =IF(J17=1,"Lumitzera racemosa",IF(J17=2,"Avicenia marina",IF(J17=3,"Rhizophora spp.",IF(J17=4,"Excoecaria agallocha","Aegiceras corniculatum")))) -> Lumitzera racemosa | E17: 25.17 | F17: 0.81 | G17: D | H17: Flowers | J17: 1 | K17: 1 | L17: 15 | O17: =0.251*(IF(J17=1,0.7,IF(J17=2,0.58,IF(J17=3,0.62,IF(J17=4,0.45,0.55))))*E17/10*F17)^0.916 -> 0.34766809 | P17: =O17*IF(G17="A",1,IF(G17="B",0.9,IF(G17="C",0.75,0.5))) -> 0.17383404 | R17: =IF(G17="A",1,IF(G17="B",0.9,IF(G17="C",0.75,0.5))) -> 0.5 | T17: =STANDARDIZE(R17,$R$67,$R$68) -> -0.71479587
B18: 73 | C18: =IF(J18=1,"බේරිය",IF(J18=2,"මණ්ඩ",IF(J18=3,"කඩොල්",IF(J18=4,"තෙලකීරිය","හීන් කඩොල්/ ඇවරි කඩොල්")))) -> බේරිය | D18: =IF(J18=1,"Lumitzera racemosa",IF(J18=2,"Avicenia marina",IF(J18=3,"Rhizophora spp.",IF(J18=4,"Excoecaria agallocha","Aegiceras corniculatum")))) -> Lumitzera racemosa | E18: 15.87 | F18: 0.84 | G18: D | J18: 1 | K18: 1 | L18: 18 | O18: =0.251*(IF(J18=1,0.7,IF(J18=2,0.58,IF(J18=3,0.62,IF(J18=4,0.45,0.55))))*E18/10*F18)^0.916 -> 0.23558727 | P18: =O18*IF(G18="A",1,IF(G18="B",0.9,IF(G18="C",0.75,0.5))) -> 0.11779363 | R18: =IF(G18="A",1,IF(G18="B",0.9,IF(G18="C",0.75,0.5))) -> 0.5 | T18: =STANDARDIZE(R18,$R$67,$R$68) -> -0.71479587
B19: 74 | C19: =IF(J19=1,"බේරිය",IF(J19=2,"මණ්ඩ",IF(J19=3,"කඩොල්",IF(J19=4,"තෙලකීරිය","හීන් කඩොල්/ ඇවරි කඩොල්")))) -> තෙලකීරිය | D19: =IF(J19=1,"Lumitzera racemosa",IF(J19=2,"Avicenia marina",IF(J19=3,"Rhizophora spp.",IF(J19=4,"Excoecaria agallocha","Aegiceras corniculatum")))) -> Excoecaria agallocha | E19: 18.36 | F19: 1.09 | G19: D | J19: 4 | K19: 1 | L19: 12 | O19: =0.251*(IF(J19=1,0.7,IF(J19=2,0.58,IF(J19=3,0.62,IF(J19=4,0.45,0.55))))*E19/10*F19)^0.916 -> 0.22803758 | P19: =O19*IF(G19="A",1,IF(G19="B",0.9,IF(G19="C",0.75,0.5))) -> 0.11401879 | R19: =IF(G19="A",1,IF(G19="B",0.9,IF(G19="C",0.75,0.5))) -> 0.5 | T19: =STANDARDIZE(R19,$R$67,$R$68) -> -0.71479587
B20: 75 | C20: =IF(J20=1,"බේරිය",IF(J20=2,"මණ්ඩ",IF(J20=3,"කඩොල්",IF(J20=4,"තෙලකීරිය","හීන් කඩොල්/ ඇවරි කඩොල්")))) -> බේරිය | D20: =IF(J20=1,"Lumitzera racemosa",IF(J20=2,"Avicenia marina",IF(J20=3,"Rhizophora spp.",IF(J20=4,"Excoecaria agallocha","Aegiceras corniculatum")))) -> Lumitzera racemosa | E20: 46.88 | F20: 1.07 | G20: D | J20: 1 | K20: 1 | L20: 9 | O20: =0.251*(IF(J20=1,0.7,IF(J20=2,0.58,IF(J20=3,0.62,IF(J20=4,0.45,0.55))))*E20/10*F20)^0.916 -> 0.79309226 | P20: =O20*IF(G20="A",1,IF(G20="B",0.9,IF(G20="C",0.75,0.5))) -> 0.39654613 | R20: =IF(G20="A",1,IF(G20="B",0.9,IF(G20="C",0.75,0.5))) -> 0.5 | T20: =STANDARDIZE(R20,$R$67,$R$68) -> -0.71479587
B21: 76 | C21: =IF(J21=1,"බේරිය",IF(J21=2,"මණ්ඩ",IF(J21=3,"කඩොල්",IF(J21=4,"තෙලකීරිය","හීන් කඩොල්/ ඇවරි කඩොල්")))) -> තෙලකීරිය | D21: =IF(J21=1,"Lumitzera racemosa",IF(J21=2,"Avicenia marina",IF(J21=3,"Rhizophora spp.",IF(J21=4,"Excoecaria agallocha","Aegiceras corniculatum")))) -> Excoecaria agallocha | E21: 31.7 | F21: 0.79 | G21: D | J21: 4 | K21: 1 | L21: 7 | O21: =0.251*(IF(J21=1,0.7,IF(J21=2,0.58,IF(J21=3,0.62,IF(J21=4,0.45,0.55))))*E21/10*F21)^0.916 -> 0.2800355 | P21: =O21*IF(G21="A",1,IF(G21="B",0.9,IF(G21="C",0.75,0.5))) -> 0.14001775 | R21: =IF(G21="A",1,IF(G21="B",0.9,IF(G21="C",0.75,0.5))) -> 0.5 | T21: =STANDARDIZE(R21,$R$67,$R$68) -> -0.71479587
B22: 77 | C22: =IF(J22=1,"බේරිය",IF(J22=2,"මණ්ඩ",IF(J22=3,"කඩොල්",IF(J22=4,"තෙලකීරිය","හීන් කඩොල්/ ඇවරි කඩොල්")))) -> තෙලකීරිය | D22: =IF(J22=1,"Lumitzera racemosa",IF(J22=2,"Avicenia marina",IF(J22=3,"Rhizophora spp.",IF(J22=4,"Excoecaria agallocha","Aegiceras corniculatum")))) -> Excoecaria agallocha | E22: 28.85 | F22: 1.07 | G22: D | J22: 4 | K22: 1 | L22: 13 | O22: =0.251*(IF(J22=1,0.7,IF(J22=2,0.58,IF(J22=3,0.62,IF(J22=4,0.45,0.55))))*E22/10*F22)^0.916 -> 0.3391763 | P22: =O22*IF(G22="A",1,IF(G22="B",0.9,IF(G22="C",0.75,0.5))) -> 0.16958815 | R22: =IF(G22="A",1,IF(G22="B",0.9,IF(G22="C",0.75,0.5))) -> 0.5 | T22: =STANDARDIZE(R22,$R$67,$R$68) -> -0.71479587
B23: 78 | C23: =IF(J23=1,"බේරිය",IF(J23=2,"මණ්ඩ",IF(J23=3,"කඩොල්",IF(J23=4,"තෙලකීරිය","හීන් කඩොල්/ ඇවරි කඩොල්")))) -> බේරිය | D23: =IF(J23=1,"Lumitzera racemosa",IF(J23=2,"Avicenia marina",IF(J23=3,"Rhizophora spp.",IF(J23=4,"Excoecaria agallocha","Aegiceras corniculatum")))) -> Lumitzera racemosa | E23: 33.86 | F23: 1.09 | G23: D | J23: 1 | K23: 1 | L23: 13 | O23: =0.251*(IF(J23=1,0.7,IF(J23=2,0.58,IF(J23=3,0.62,IF(J23=4,0.45,0.55))))*E23/10*F23)^0.916 -> 0.59876919 | P23: =O23*IF(G23="A",1,IF(G23="B",0.9,IF(G23="C",0.75,0.5))) -> 0.2993846 | R23: =IF(G23="A",1,IF(G23="B",0.9,IF(G23="C",0.75,0.5))) -> 0.5 | T23: =STANDARDIZE(R23,$R$67,$R$68) -> -0.71479587
B24: 79 | C24: =IF(J24=1,"බේරිය",IF(J24=2,"මණ්ඩ",IF(J24=3,"කඩොල්",IF(J24=4,"තෙලකීරිය","හීන් කඩොල්/ ඇවරි කඩොල්")))) -> බේරිය | D24: =IF(J24=1,"Lumitzera racemosa",IF(J24=2,"Avicenia marina",IF(J24=3,"Rhizophora spp.",IF(J24=4,"Excoecaria agallocha","Aegiceras corniculatum")))) -> Lumitzera racemosa | E24: 14.53 | F24: 1.04 | G24: D | J24: 1 | K24: 1 | L24: 10 | O24: =0.251*(IF(J24=1,0.7,IF(J24=2,0.58,IF(J24=3,0.62,IF(J24=4,0.45,0.55))))*E24/10*F24)^0.916 -> 0.26425388 | P24: =O24*IF(G24="A",1,IF(G24="B",0.9,IF(G24="C",0.75,0.5))) -> 0.13212694 | R24: =IF(G24="A",1,IF(G24="B",0.9,IF(G24="C",0.75,0.5))) -> 0.5 | T24: =STANDARDIZE(R24,$R$67,$R$68) -> -0.71479587
B25: 80 | C25: =IF(J25=1,"බේරිය",IF(J25=2,"මණ්ඩ",IF(J25=3,"කඩොල්",IF(J25=4,"තෙලකීරිය","හීන් කඩොල්/ ඇවරි කඩොල්")))) -> බේරිය | D25: =IF(J25=1,"Lumitzera racemosa",IF(J25=2,"Avicenia marina",IF(J25=3,"Rhizophora spp.",IF(J25=4,"Excoecaria agallocha","Aegiceras corniculatum")))) -> Lumitzera racemosa | E25: 10.64 | F25: 0.71 | G25: D | J25: 1 | K25: 1 | L25: 9 | O25: =0.251*(IF(J25=1,0.7,IF(J25=2,0.58,IF(J25=3,0.62,IF(J25=4,0.45,0.55))))*E25/10*F25)^0.916 -> 0.14002794 | P25: =O25*IF(G25="A",1,IF(G25="B",0.9,IF(G25="C",0.75,0.5))) -> 0.070013971 | R25: =IF(G25="A",1,IF(G25="B",0.9,IF(G25="C",0.75,0.5))) -> 0.5 | T25: =STANDARDIZE(R25,$R$67,$R$68) -> -0.71479587
B26: 81 | C26: =IF(J26=1,"බේරිය",IF(J26=2,"මණ්ඩ",IF(J26=3,"කඩොල්",IF(J26=4,"තෙලකීරිය","හීන් කඩොල්/ ඇවරි කඩොල්")))) -> බේරිය | D26: =IF(J26=1,"Lumitzera racemosa",IF(J26=2,"Avicenia marina",IF(J26=3,"Rhizophora spp.",IF(J26=4,"Excoecaria agallocha","Aegiceras corniculatum")))) -> Lumitzera racemosa | E26: 14.48 | F26: 1.09 | G26: D | J26: 1 | K26: 1 | L26: 12 | O26: =0.251*(IF(J26=1,0.7,IF(J26=2,0.58,IF(J26=3,0.62,IF(J26=4,0.45,0.55))))*E26/10*F26)^0.916 -> 0.27499842 | P26: =O26*IF(G26="A",1,IF(G26="B",0.9,IF(G26="C",0.75,0.5))) -> 0.13749921 | R26: =IF(G26="A",1,IF(G26="B",0.9,IF(G26="C",0.75,0.5))) -> 0.5 | T26: =STANDARDIZE(R26,$R$67,$R$68) -> -0.71479587
B27: 82 | C27: =IF(J27=1,"බේරිය",IF(J27=2,"මණ්ඩ",IF(J27=3,"කඩොල්",IF(J27=4,"තෙලකීරිය","හීන් කඩොල්/ ඇවරි කඩොල්")))) -> තෙලකීරිය | D27: =IF(J27=1,"Lumitzera racemosa",IF(J27=2,"Avicenia marina",IF(J27=3,"Rhizophora spp.",IF(J27=4,"Excoecaria agallocha","Aegiceras corniculatum")))) -> Excoecaria agallocha | E27: 42.81 | F27: 1.19 | G27: D | J27: 4 | K27: 1 | L27: 14 | O27: =0.251*(IF(J27=1,0.7,IF(J27=2,0.58,IF(J27=3,0.62,IF(J27=4,0.45,0.55))))*E27/10*F27)^0.916 -> 0.53667681 | P27: =O27*IF(G27="A",1,IF(G27="B",0.9,IF(G27="C",0.75,0.5))) -> 0.2683384 | R27: =IF(G27="A",1,IF(G27="B",0.9,IF(G27="C",0.75,0.5))) -> 0.5 | T27: =STANDARDIZE(R27,$R$67,$R$68) -> -0.71479587
B28: 83 | C28: =IF(J28=1,"බේරිය",IF(J28=2,"මණ්ඩ",IF(J28=3,"කඩොල්",IF(J28=4,"තෙලකීරිය","හීන් කඩොල්/ ඇවරි කඩොල්")))) -> තෙලකීරිය | D28: =IF(J28=1,"Lumitzera racemosa",IF(J28=2,"Avicenia marina",IF(J28=3,"Rhizophora spp.",IF(J28=4,"Excoecaria agallocha","Aegiceras corniculatum")))) -> Excoecaria agallocha | E28: 12.82 | F28: 0.94 | G28: D | J28: 4 | K28: 2 | L28: 5 | O28: =0.251*(IF(J28=1,0.7,IF(J28=2,0.58,IF(J28=3,0.62,IF(J28=4,0.45,0.55))))*E28/10*F28)^0.916 -> 0.14329364 | P28: =O28*IF(G28="A",1,IF(G28="B",0.9,IF(G28="C",0.75,0.5))) -> 0.071646822 | R28: =IF(G28="A",1,IF(G28="B",0.9,IF(G28="C",0.75,0.5))) -> 0.5 | T28: =STANDARDIZE(R28,$R$67,$R$68) -> -0.71479587
B29: 84 | C29: =IF(J29=1,"බේරිය",IF(J29=2,"මණ්ඩ",IF(J29=3,"කඩොල්",IF(J29=4,"තෙලකීරිය","හීන් කඩොල්/ ඇවරි කඩොල්")))) -> බේරිය | D29: =IF(J29=1,"Lumitzera racemosa",IF(J29=2,"Avicenia marina",IF(J29=3,"Rhizophora spp.",IF(J29=4,"Excoecaria agallocha","Aegiceras corniculatum")))) -> Lumitzera racemosa | E29: 13.11 | F29: 0.94 | G29: D | J29: 1 | K29: 1 | L29: 8 | O29: =0.251*(IF(J29=1,0.7,IF(J29=2,0.58,IF(J29=3,0.62,IF(J29=4,0.45,0.55))))*E29/10*F29)^0.916 -> 0.21922633 | P29: =O29*IF(G29="A",1,IF(G29="B",0.9,IF(G29="C",0.75,0.5))) -> 0.10961316 | R29: =IF(G29="A",1,IF(G29="B",0.9,IF(G29="C",0.75,0.5))) -> 0.5 | T29: =STANDARDIZE(R29,$R$67,$R$68) -> -0.71479587
... B65: 120 | C65: =IF(J65=1,"බේරිය",IF(J65=2,"මණ්ඩ",IF(J65=3,"කඩොල්",IF(J65=4,"තෙලකීරිය","හීන් කඩොල්/ ඇවරි කඩොල්")))) -> බේරිය | D65: =IF(J65=1,"Lumitzera racemosa",IF(J65=2,"Avicenia marina",IF(J65=3,"Rhizophora spp.",IF(J65=4,"Excoecaria agallocha","Aegiceras corniculatum")))) -> Lumitzera racemosa | E65: 21.13 | F65: 0.91 | G65: B | J65: 1 | K65: 1 | L65: 11 | O65: =0.251*(IF(J65=1,0.7,IF(J65=2,0.58,IF(J65=3,0.62,IF(J65=4,0.45,0.55))))*E65/10*F65)^0.916 -> 0.32951363 | P65: =O65*IF(G65="A",1,IF(G65="B",0.9,IF(G65="C",0.75,0.5))) -> 0.29656227 | R65: =IF(G65="A",1,IF(G65="B",0.9,IF(G65="C",0.75,0.5))) -> 0.9 | T65: =STANDARDIZE(R65,$R$67,$R$68) -> 1.3464759
O67: Total Adjusted AGB (Kg/plot) | P67: =SUM(P4:P65) -> 12.777699 | Q67: Avarage Tree Condition value | R67: =AVERAGE(R4:R65) -> 0.63870968
Q68: STDEV | R68: =STDEV(R4:R65) -> 0.19405495
O70: Total Biomass = AGB + BGB = AGB × (1 + 0.24)
O71: Total Biomass | P71: =1.24*P67 -> 15.844346
O74: 1 kg of dry biomass = ~1.2 kg of oxygen produced annually
O75: O₂ Produced( kg O₂/year)≈ | P75: =1.2*P71 -> 19.013216
O78: CO₂ absorbed | P78: 1 kg biomass → ~1.83 kg CO₂/year
O79: CO₂ Sequestered( kg CO₂/year)≈ | P79: =1.83*P71 -> 28.995154

Sheet Plot 4
A1: Kalpitiya Mangrove Inventory
A2: Date:03/2025
A3: Plot No | B3: Tag No | C3: Common Name | D3: Scientific Name | E3: DBH(mm) | F3: Tree Height(m) | G3: Tree Condition(A-D) | H3: Presence of Flowers/Fruits | I3: GPS | J3: Photo Numbers | K3: sub branchers (sb) | L3: branchers(b) | O3: ADG(kg/Tree) | P3: Adjusted AGB(for condition)(kg) | R3: Tree Condition Value | T3: Standadize Tree Condition
A4: 4 | B4: 121 | C4: =IF(J4=1,"බේරිය",IF(J4=2,"මණ්ඩ",IF(J4=3,"කඩොල්",IF(J4=4,"තෙලකීරිය","හීන් කඩොල්/ ඇවරි කඩොල්")))) -> හීන් කඩොල්/ ඇවරි කඩොල් | D4: =IF(J4=1,"Lumitzera racemosa",IF(J4=2,"Avicenia marina",IF(J4=3,"Rhizophora spp.",IF(J4=4,"Excoecaria agallocha","Aegiceras corniculatum")))) -> Aegiceras corniculatum | E4: 11.83 | F4: 0.91 | G4: B | J4: 6 | K4: 1 | L4: 5 | O4: =0.251*(IF(J4=1,0.7,IF(J4=2,0.58,IF(J4=3,0.62,IF(J4=4,0.45,0.55))))*E4/10*F4)^0.916 -> 0.15530373 | P4: =O4*IF(G4="A",1,IF(G4="B",0.9,IF(G4="C",0.75,0.5))) -> 0.13977336 | R4: =IF(G4="A",1,IF(G4="B",0.9,IF(G4="C",0.75,0.5))) -> 0.9 | T4: =STANDARDIZE(R4,$R$23,$R$24) -> 0.23570226
B5: 122 | C5: =IF(J5=1,"බේරිය",IF(J5=2,"මණ්ඩ",IF(J5=3,"කඩොල්",IF(J5=4,"තෙලකීරිය","හීන් කඩොල්/ ඇවරි කඩොල්")))) -> මණ්ඩ | D5: =IF(J5=1,"Lumitzera racemosa",IF(J5=2,"Avicenia marina",IF(J5=3,"Rhizophora spp.",IF(J5=4,"Excoecaria agallocha","Aegiceras corniculatum")))) -> Avicenia marina | E5: 13.28 | F5: 0.58 | G5: B | J5: 2 | K5: 3 | L5: 12 | O5: =0.251*(IF(J5=1,0.7,IF(J5=2,0.58,IF(J5=3,0.62,IF(J5=4,0.45,0.55))))*E5/10*F5)^0.916 -> 0.11998397 | P5: =O5*IF(G5="A",1,IF(G5="B",0.9,IF(G5="C",0.75,0.5))) -> 0.10798558 | R5: =IF(G5="A",1,IF(G5="B",0.9,IF(G5="C",0.75,0.5))) -> 0.9 | T5: =STANDARDIZE(R5,$R$23,$R$24) -> 0.23570226
B6: 123 | C6: =IF(J6=1,"බේරිය",IF(J6=2,"මණ්ඩ",IF(J6=3,"කඩොල්",IF(J6=4,"තෙලකීරිය","හීන් කඩොල්/ ඇවරි කඩොල්")))) -> හීන් කඩොල්/ ඇවරි කඩොල් | D6: =IF(J6=1,"Lumitzera racemosa",IF(J6=2,"Avicenia marina",IF(J6=3,"Rhizophora spp.",IF(J6=4,"Excoecaria agallocha","Aegiceras corniculatum")))) -> Aegiceras corniculatum | E6: 15.82 | F6: 0.56 | G6: B | J6: 6 | K6: 2 | L6: 6 | O6: =0.251*(IF(J6=1,0.7,IF(J6=2,0.58,IF(J6=3,0.62,IF(J6=4,0.45,0.55))))*E6/10*F6)^0.916 -> 0.129915 | P6: =O6*IF(G6="A",1,IF(G6="B",0.9,IF(G6="C",0.75,0.5))) -> 0.1169235 | R6: =IF(G6="A",1,IF(G6="B",0.9,IF(G6="C",0.75,0.5))) -> 0.9 | T6: =STANDARDIZE(R6,$R$23,$R$24) -> 0.23570226
B7: 124 | C7: =IF(J7=1,"බේරිය",IF(J7=2,"මණ්ඩ",IF(J7=3,"කඩොල්",IF(J7=4,"තෙලකීරිය","හීන් කඩොල්/ ඇවරි කඩොල්")))) -> බේරිය | D7: =IF(J7=1,"Lumitzera racemosa",IF(J7=2,"Avicenia marina",IF(J7=3,"Rhizophora spp.",IF(J7=4,"Excoecaria agallocha","Aegiceras corniculatum")))) -> Lumitzera racemosa | E7: 11.1 | F7: 0.58 | G7: B | J7: 1 | K7: 3 | L7: 10 | O7: =0.251*(IF(J7=1,0.7,IF(J7=2,0.58,IF(J7=3,0.62,IF(J7=4,0.45,0.55))))*E7/10*F7)^0.916 -> 0.1209482 | P7: =O7*IF(G7="A",1,IF(G7="B",0.9,IF(G7="C",0.75,0.5))) -> 0.10885338 | R7: =IF(G7="A",1,IF(G7="B",0.9,IF(G7="C",0.75,0.5))) -> 0.9 | T7: =STANDARDIZE(R7,$R$23,$R$24) -> 0.23570226
B8: 125 | C8: =IF(J8=1,"බේරිය",IF(J8=2,"මණ්ඩ",IF(J8=3,"කඩොල්",IF(J8=4,"තෙලකීරිය","හීන් කඩොල්/ ඇවරි කඩොල්")))) -> හීන් කඩොල්/ ඇවරි කඩොල් | D8: =IF(J8=1,"Lumitzera racemosa",IF(J8=2,"Avicenia marina",IF(J8=3,"Rhizophora spp.",IF(J8=4,"Excoecaria agallocha","Aegiceras corniculatum")))) -> Aegiceras corniculatum | E8: 15.78 | F8: 0.76 | G8: B | J8: 6 | K8: 1 | L8: 1 | O8: =0.251*(IF(J8=1,0.7,IF(J8=2,0.58,IF(J8=3,0.62,IF(J8=4,0.45,0.55))))*E8/10*F8)^0.916 -> 0.17144989 | P8: =O8*IF(G8="A",1,IF(G8="B",0.9,IF(G8="C",0.75,0.5))) -> 0.1543049 | R8: =IF(G8="A",1,IF(G8="B",0.9,IF(G8="C",0.75,0.5))) -> 0.9 | T8: =STANDARDIZE(R8,$R$23,$R$24) -> 0.23570226
B9: 126 | C9: =IF(J9=1,"බේරිය",IF(J9=2,"මණ්ඩ",IF(J9=3,"කඩොල්",IF(J9=4,"තෙලකීරිය","හීන් කඩොල්/ ඇවරි කඩොල්")))) -> හීන් කඩොල්/ ඇවරි කඩොල් | D9: =IF(J9=1,"Lumitzera racemosa",IF(J9=2,"Avicenia marina",IF(J9=3,"Rhizophora spp.",IF(J9=4,"Excoecaria agallocha","Aegiceras corniculatum")))) -> Aegiceras corniculatum | E9: 13.71 | F9: 1.04 | G9: B | J9: 6 | K9: 2 | L9: 5 | O9: =0.251*(IF(J9=1,0.7,IF(J9=2,0.58,IF(J9=3,0.62,IF(J9=4,0.45,0.55))))*E9/10*F9)^0.916 -> 0.20089762 | P9: =O9*IF(G9="A",1,IF(G9="B",0.9,IF(G9="C",0.75,0.5))) -> 0.18080786 | R9: =IF(G9="A",1,IF(G9="B",0.9,IF(G9="C",0.75,0.5))) -> 0.9 | T9: =STANDARDIZE(R9,$R$23,$R$24) -> 0.23570226
B10: 127 | C10: =IF(J10=1,"බේරිය",IF(J10=2,"මණ්ඩ",IF(J10=3,"කඩොල්",IF(J10=4,"තෙලකීරිය","හීන් කඩොල්/ ඇවරි කඩොල්")))) -> හීන් කඩොල්/ ඇවරි කඩොල් | D10: =IF(J10=1,"Lumitzera racemosa",IF(J10=2,"Avicenia marina",IF(J10=3,"Rhizophora spp.",IF(J10=4,"Excoecaria agallocha","Aegiceras corniculatum")))) -> Aegiceras corniculatum | E10: 14.63 | F10: 1 | G10: B | J10: 6 | K10: 1 | L10: 4 | O10: =0.251*(IF(J10=1,0.7,IF(J10=2,0.58,IF(J10=3,0.62,IF(J10=4,0.45,0.55))))*E10/10*F10)^0.916 -> 0.20568838 | P10: =O10*IF(G10="A",1,IF(G10="B",0.9,IF(G10="C",0.75,0.5))) -> 0.18511954 | R10: =IF(G10="A",1,IF(G10="B",0.9,IF(G10="C",0.75,0.5))) -> 0.9 | T10: =STANDARDIZE(R10,$R$23,$R$24) -> 0.23570226
B11: 128 | C11: =IF(J11=1,"බේරිය",IF(J11=2,"මණ්ඩ",IF(J11=3,"කඩොල්",IF(J11=4,"තෙලකීරිය","හීන් කඩොල්/ ඇවරි කඩොල්")))) -> හීන් කඩොල්/ ඇවරි කඩොල් | D11: =IF(J11=1,"Lumitzera racemosa",IF(J11=2,"Avicenia marina",IF(J11=3,"Rhizophora spp.",IF(J11=4,"Excoecaria agallocha","Aegiceras corniculatum")))) -> Aegiceras corniculatum | E11: 11.03 | F11: 0.71 | G11: B | J11: 6 | K11: 1 | L11: 2 | O11: =0.251*(IF(J11=1,0.7,IF(J11=2,0.58,IF(J11=3,0.62,IF(J11=4,0.45,0.55))))*E11/10*F11)^0.916 -> 0.11603734 | P11: =O11*IF(G11="A",1,IF(G11="B",0.9,IF(G11="C",0.75,0.5))) -> 0.10443361 | R11: =IF(G11="A",1,IF(G11="B",0.9,IF(G11="C",0.75,0.5))) -> 0.9 | T11: =STANDARDIZE(R11,$R$23,$R$24) -> 0.23570226
B12: 129 | C12: =IF(J12=1,"බේරිය",IF(J12=2,"මණ්ඩ",IF(J12=3,"කඩොල්",IF(J12=4,"තෙලකීරිය","හීන් කඩොල්/ ඇවරි කඩොල්")))) -> බේරිය | D12: =IF(J12=1,"Lumitzera racemosa",IF(J12=2,"Avicenia marina",IF(J12=3,"Rhizophora spp.",IF(J12=4,"Excoecaria agallocha","Aegiceras corniculatum")))) -> Lumitzera racemosa | E12: 15.08 | F12: 1.27 | G12: B | J12: 1 | K12: 8 | L12: 10 | O12: =0.251*(IF(J12=1,0.7,IF(J12=2,0.58,IF(J12=3,0.62,IF(J12=4,0.45,0.55))))*E12/10*F12)^0.916 -> 0.32830943 | P12: =O12*IF(G12="A",1,IF(G12="B",0.9,IF(G12="C",0.75,0.5))) -> 0.29547849 | R12: =IF(G12="A",1,IF(G12="B",0.9,IF(G12="C",0.75,0.5))) -> 0.9 | T12: =STANDARDIZE(R12,$R$23,$R$24) -> 0.23570226
B13: 134 | C13: =IF(J13=1,"බේරිය",IF(J13=2,"මණ්ඩ",IF(J13=3,"කඩොල්",IF(J13=4,"තෙලකීරිය","හීන් කඩොල්/ ඇවරි කඩොල්")))) -> හීන් කඩොල්/ ඇවරි කඩොල් | D13: =IF(J13=1,"Lumitzera racemosa",IF(J13=2,"Avicenia marina",IF(J13=3,"Rhizophora spp.",IF(J13=4,"Excoecaria agallocha","Aegiceras corniculatum")))) -> Aegiceras corniculatum | E13: 12.57 | F13: 0.64 | G13: B | J13: 6 | K13: 1 | L13: 1 | O13: =0.251*(IF(J13=1,0.7,IF(J13=2,0.58,IF(J13=3,0.62,IF(J13=4,0.45,0.55))))*E13/10*F13)^0.916 -> 0.11893178 | P13: =O13*IF(G13="A",1,IF(G13="B",0.9,IF(G13="C",0.75,0.5))) -> 0.1070386 | R13: =IF(G13="A",1,IF(G13="B",0.9,IF(G13="C",0.75,0.5))) -> 0.9 | T13: =STANDARDIZE(R13,$R$23,$R$24) -> 0.23570226
B14: 135 | C14: =IF(J14=1,"බේරිය",IF(J14=2,"මණ්ඩ",IF(J14=3,"කඩොල්",IF(J14=4,"තෙලකීරිය","හීන් කඩොල්/ ඇවරි කඩොල්")))) -> තෙලකීරිය | D14: =IF(J14=1,"Lumitzera racemosa",IF(J14=2,"Avicenia marina",IF(J14=3,"Rhizophora spp.",IF(J14=4,"Excoecaria agallocha","Aegiceras corniculatum")))) -> Excoecaria agallocha | E14: 70 | F14: 2.35 | G14: B | J14: 4 | K14: 3 | L14: 6 | O14: =0.251*(IF(J14=1,0.7,IF(J14=2,0.58,IF(J14=3,0.62,IF(J14=4,0.45,0.55))))*E14/10*F14)^0.916 -> 1.5704509 | P14: =O14*IF(G14="A",1,IF(G14="B",0.9,IF(G14="C",0.75,0.5))) -> 1.4134058 | R14: =IF(G14="A",1,IF(G14="B",0.9,IF(G14="C",0.75,0.5))) -> 0.9 | T14: =STANDARDIZE(R14,$R$23,$R$24) -> 0.23570226
B15: 136 | C15: =IF(J15=1,"බේරිය",IF(J15=2,"මණ්ඩ",IF(J15=3,"කඩොල්",IF(J15=4,"තෙලකීරිය","හීන් කඩොල්/ ඇවරි කඩොල්")))) -> හීන් කඩොල්/ ඇවරි කඩොල් | D15: =IF(J15=1,"Lumitzera racemosa",IF(J15=2,"Avicenia marina",IF(J15=3,"Rhizophora spp.",IF(J15=4,"Excoecaria agallocha","Aegiceras corniculatum")))) -> Aegiceras corniculatum | E15: 11.45 | F15: 1.3 | G15: B | J15: 6 | K15: 1 | L15: 1 | O15: =0.251*(IF(J15=1,0.7,IF(J15=2,0.58,IF(J15=3,0.62,IF(J15=4,0.45,0.55))))*E15/10*F15)^0.916 -> 0.20896997 | P15: =O15*IF(G15="A",1,IF(G15="B",0.9,IF(G15="C",0.75,0.5))) -> 0.18807297 | R15: =IF(G15="A",1,IF(G15="B",0.9,IF(G15="C",0.75,0.5))) -> 0.9 | T15: =STANDARDIZE(R15,$R$23,$R$24) -> 0.23570226
B16: 137 | C16: =IF(J16=1,"බේරිය",IF(J16=2,"මණ්ඩ",IF(J16=3,"කඩොල්",IF(J16=4,"තෙලකීරිය","හීන් කඩොල්/ ඇවරි කඩොල්")))) -> හීන් කඩොල්/ ඇවරි කඩොල් | D16: =IF(J16=1,"Lumitzera racemosa",IF(J16=2,"Avicenia marina",IF(J16=3,"Rhizophora spp.",IF(J16=4,"Excoecaria agallocha","Aegiceras corniculatum")))) -> Aegiceras corniculatum | E16: 15.14 | F16: 0.79 | G16: B | J16: 6 | K16: 1 | L16: 1 | O16: =0.251*(IF(J16=1,0.7,IF(J16=2,0.58,IF(J16=3,0.62,IF(J16=4,0.45,0.55))))*E16/10*F16)^0.916 -> 0.17102818 | P16: =O16*IF(G16="A",1,IF(G16="B",0.9,IF(G16="C",0.75,0.5))) -> 0.15392536 | R16: =IF(G16="A",1,IF(G16="B",0.9,IF(G16="C",0.75,0.5))) -> 0.9 | T16: =STANDARDIZE(R16,$R$23,$R$24) -> 0.23570226
... B21: 138 | C21: =IF(J21=1,"බේරිය",IF(J21=2,"මණ්ඩ",IF(J21=3,"කඩොල්",IF(J21=4,"තෙලකීරිය","හීන් කඩොල්/ ඇවරි කඩොල්")))) -> බේරිය | D21: =IF(J21=1,"Lumitzera racemosa",IF(J21=2,"Avicenia marina",IF(J21=3,"Rhizophora spp.",IF(J21=4,"Excoecaria agallocha","Aegiceras corniculatum")))) -> Lumitzera racemosa | E21: 10.43 | F21: 0.46 | G21: B | J21: 1 | K21: 6 | L21: 5 | O21: =0.251*(IF(J21=1,0.7,IF(J21=2,0.58,IF(J21=3,0.62,IF(J21=4,0.45,0.55))))*E21/10*F21)^0.916 -> 0.092388545 | P21: =O21*IF(G21="A",1,IF(G21="B",0.9,IF(G21="C",0.75,0.5))) -> 0.08314969 | R21: =IF(G21="A",1,IF(G21="B",0.9,IF(G21="C",0.75,0.5))) -> 0.9 | T21: =STANDARDIZE(R21,$R$23,$R$24) -> 0.23570226
O23: Total Adjusted AGB (Kg/plot) | P23: =SUM(P4:P21) -> 4.0045066 | Q23: Avarage Tree Condition value | R23: =AVERAGE(R4:R21) -> 0.89166667
Q24: STDEV | R24: =STDEV(R4:R21) -> 0.035355339
O26: Total Biomass = AGB + BGB = AGB × (1 + 0.24)
O27: Total Biomass | P27: =1.24*P23 -> 4.9655882
O30: 1 kg of dry biomass = ~1.2 kg of oxygen produced annually
O31: O₂ Produced( kg O₂/year)≈ | P31: =1.2*P27 -> 5.9587059
O34: CO₂ absorbed | P34: 1 kg biomass → ~1.83 kg CO₂/year
O35: CO₂ Sequestered( kg CO₂/year)≈ | P35: =1.83*P27 -> 9.0870264

Sheet Plot 5
A1: Kalpitiya Mangrove Inventory
A2: Date:03/2025
A3: Plot No | B3: Tag No | C3: Common Name | D3: Scientific Name | E3: Grith(cm) | F3: Tree Height(m) | G3: Tree Condition(A-D) | H3: Presence of Flowers/Fruits | I3: GPS | J3: Photo Numbers | K3: sub branchers (sb) | L3: branchers(b) | M3: DBH(mm) | O3: ADG(kg/Tree) | P3: Adjusted AGB(for condition)(kg) | R3: Tree Condition Value | T3: Standadize Tree Condition
A4: 5 | B4: 139 | C4: =IF(J4=1,"බේරිය",IF(J4=2,"මණ්ඩ",IF(J4=3,"කඩොල්",IF(J4=4,"තෙලකීරිය","හීන් කඩොල්/ ඇවරි කඩොල්")))) -> මණ්ඩ | D4: =IF(J4=1,"Lumitzera racemosa",IF(J4=2,"Avicenia marina",IF(J4=3,"Rhizophora spp.",IF(J4=4,"Excoecaria agallocha","Aegiceras corniculatum")))) -> Avicenia marina | E4: 16 | F4: 3.5 | G4: B | J4: 2 | M4: =10*E4/PI() -> 50.929582 | O4: =0.251*(IF(J4=1,0.7,IF(J4=2,0.58,IF(J4=3,0.62,IF(J4=4,0.45,0.55))))*M4/10*F4)^0.916 -> 2.1326752 | P4: =O4*IF(G4="A",1,IF(G4="B",0.9,IF(G4="C",0.75,0.5))) -> 1.9194077 | R4: =IF(G4="A",1,IF(G4="B",0.9,IF(G4="C",0.75,0.5))) -> 0.9 | T4: =STANDARDIZE(R4,$R$62,$R$63) -> 0.17153731
B5: 140 | E5: 140 | G5: B | M5: =10*E5/PI() -> 445.63384 | O5: =0.251*(IF(J5=1,0.7,IF(J5=2,0.58,IF(J5=3,0.62,IF(J5=4,0.45,0.55))))*M5/10*F4)^0.916 -> 14.814134 | P5: =O5*IF(G5="A",1,IF(G5="B",0.9,IF(G5="C",0.75,0.5))) -> 13.332721 | R5: =IF(G5="A",1,IF(G5="B",0.9,IF(G5="C",0.75,0.5))) -> 0.9 | T5: =STANDARDIZE(R5,$R$62,$R$63) -> 0.17153731
B6: 141 | E6: 24 | G6: B | M6: =10*E6/PI() -> 76.394373 | O6: =0.251*(IF(J6=1,0.7,IF(J6=2,0.58,IF(J6=3,0.62,IF(J6=4,0.45,0.55))))*M6/10*F4)^0.916 -> 2.9450759 | P6: =O6*IF(G6="A",1,IF(G6="B",0.9,IF(G6="C",0.75,0.5))) -> 2.6505683 | R6: =IF(G6="A",1,IF(G6="B",0.9,IF(G6="C",0.75,0.5))) -> 0.9 | T6: =STANDARDIZE(R6,$R$62,$R$63) -> 0.17153731
B7: 142 | E7: 28 | G7: B | M7: =10*E7/PI() -> 89.126768 | O7: =0.251*(IF(J7=1,0.7,IF(J7=2,0.58,IF(J7=3,0.62,IF(J7=4,0.45,0.55))))*M7/10*F4)^0.916 -> 3.3917181 | P7: =O7*IF(G7="A",1,IF(G7="B",0.9,IF(G7="C",0.75,0.5))) -> 3.0525463 | R7: =IF(G7="A",1,IF(G7="B",0.9,IF(G7="C",0.75,0.5))) -> 0.9 | T7: =STANDARDIZE(R7,$R$62,$R$63) -> 0.17153731
B8: 143 | C8: =IF(J8=1,"බේරිය",IF(J8=2,"මණ්ඩ",IF(J8=3,"කඩොල්",IF(J8=4,"තෙලකීරිය","හීන් කඩොල්/ ඇවරි කඩොල්")))) -> බේරිය | D8: =IF(J8=1,"Lumitzera racemosa",IF(J8=2,"Avicenia marina",IF(J8=3,"Rhizophora spp.",IF(J8=4,"Excoecaria agallocha","Aegiceras corniculatum")))) -> Lumitzera racemosa | E8: 31 | F8: 3.5 | G8: B | J8: 1 | M8: =10*E8/PI() -> 98.676065 | O8: =0.251*(IF(J8=1,0.7,IF(J8=2,0.58,IF(J8=3,0.62,IF(J8=4,0.45,0.55))))*M8/10*F8)^0.916 -> 4.643526 | P8: =O8*IF(G8="A",1,IF(G8="B",0.9,IF(G8="C",0.75,0.5))) -> 4.1791734 | R8: =IF(G8="A",1,IF(G8="B",0.9,IF(G8="C",0.75,0.5))) -> 0.9 | T8: =STANDARDIZE(R8,$R$62,$R$63) -> 0.17153731
B9: 144 | C9: =IF(J9=1,"බේරිය",IF(J9=2,"මණ්ඩ",IF(J9=3,"කඩොල්",IF(J9=4,"තෙලකීරිය","හීන් කඩොල්/ ඇවරි කඩොල්")))) -> බේරිය | D9: =IF(J9=1,"Lumitzera racemosa",IF(J9=2,"Avicenia marina",IF(J9=3,"Rhizophora spp.",IF(J9=4,"Excoecaria agallocha","Aegiceras corniculatum")))) -> Lumitzera racemosa | E9: 19 | F9: 3 | G9: B | J9: 1 | M9: =10*E9/PI() -> 60.478878 | O9: =0.251*(IF(J9=1,0.7,IF(J9=2,0.58,IF(J9=3,0.62,IF(J9=4,0.45,0.55))))*M9/10*F9)^0.916 -> 2.5749904 | P9: =O9*IF(G9="A",1,IF(G9="B",0.9,IF(G9="C",0.75,0.5))) -> 2.3174913 | R9: =IF(G9="A",1,IF(G9="B",0.9,IF(G9="C",0.75,0.5))) -> 0.9 | T9: =STANDARDIZE(R9,$R$62,$R$63) -> 0.17153731
B10: 145 | C10: =IF(J10=1,"බේරිය",IF(J10=2,"මණ්ඩ",IF(J10=3,"කඩොල්",IF(J10=4,"තෙලකීරිය","හීන් කඩොල්/ ඇවරි කඩොල්")))) -> බේරිය | D10: =IF(J10=1,"Lumitzera racemosa",IF(J10=2,"Avicenia marina",IF(J10=3,"Rhizophora spp.",IF(J10=4,"Excoecaria agallocha","Aegiceras corniculatum")))) -> Lumitzera racemosa | E10: 23 | F10: 3 | G10: B | J10: 1 | M10: =10*E10/PI() -> 73.211274 | O10: =0.251*(IF(J10=1,0.7,IF(J10=2,0.58,IF(J10=3,0.62,IF(J10=4,0.45,0.55))))*M10/10*F10)^0.916 -> 3.0674678 | P10: =O10*IF(G10="A",1,IF(G10="B",0.9,IF(G10="C",0.75,0.5))) -> 2.760721 | R10: =IF(G10="A",1,IF(G10="B",0.9,IF(G10="C",0.75,0.5))) -> 0.9 | T10: =STANDARDIZE(R10,$R$62,$R$63) -> 0.17153731
B11: 146 | C11: =IF(J11=1,"බේරිය",IF(J11=2,"මණ්ඩ",IF(J11=3,"කඩොල්",IF(J11=4,"තෙලකීරිය","හීන් කඩොල්/ ඇවරි කඩොල්")))) -> බේරිය | D11: =IF(J11=1,"Lumitzera racemosa",IF(J11=2,"Avicenia marina",IF(J11=3,"Rhizophora spp.",IF(J11=4,"Excoecaria agallocha","Aegiceras corniculatum")))) -> Lumitzera racemosa | E11: 23 | F11: 3 | G11: B | J11: 1 | M11: =10*E11/PI() -> 73.211274 | O11: =0.251*(IF(J11=1,0.7,IF(J11=2,0.58,IF(J11=3,0.62,IF(J11=4,0.45,0.55))))*M11/10*F11)^0.916 -> 3.0674678 | P11: =O11*IF(G11="A",1,IF(G11="B",0.9,IF(G11="C",0.75,0.5))) -> 2.760721 | R11: =IF(G11="A",1,IF(G11="B",0.9,IF(G11="C",0.75,0.5))) -> 0.9 | T11: =STANDARDIZE(R11,$R$62,$R$63) -> 0.17153731
B12: 147 | C12: =IF(J12=1,"බේරිය",IF(J12=2,"මණ්ඩ",IF(J12=3,"කඩොල්",IF(J12=4,"තෙලකීරිය","හීන් කඩොල්/ ඇවරි කඩොල්")))) -> මණ්ඩ | D12: =IF(J12=1,"Lumitzera racemosa",IF(J12=2,"Avicenia marina",IF(J12=3,"Rhizophora spp.",IF(J12=4,"Excoecaria agallocha","Aegiceras corniculatum")))) -> Avicenia marina | E12: 23 | F12: 2.5 | G12: B | J12: 2 | M12: =10*E12/PI() -> 73.211274 | O12: =0.251*(IF(J12=1,0.7,IF(J12=2,0.58,IF(J12=3,0.62,IF(J12=4,0.45,0.55))))*M12/10*F12)^0.916 -> 2.1849436 | P12: =O12*IF(G12="A",1,IF(G12="B",0.9,IF(G12="C",0.75,0.5))) -> 1.9664492 | R12: =IF(G12="A",1,IF(G12="B",0.9,IF(G12="C",0.75,0.5))) -> 0.9 | T12: =STANDARDIZE(R12,$R$62,$R$63) -> 0.17153731
B13: 148 | C13: =IF(J13=1,"බේරිය",IF(J13=2,"මණ්ඩ",IF(J13=3,"කඩොල්",IF(J13=4,"තෙලකීරිය","හීන් කඩොල්/ ඇවරි කඩොල්")))) -> බේරිය | D13: =IF(J13=1,"Lumitzera racemosa",IF(J13=2,"Avicenia marina",IF(J13=3,"Rhizophora spp.",IF(J13=4,"Excoecaria agallocha","Aegiceras corniculatum")))) -> Lumitzera racemosa | E13: 24 | F13: 2 | G13: B | J13: 1 | M13: =10*E13/PI() -> 76.394373 | O13: =0.251*(IF(J13=1,0.7,IF(J13=2,0.58,IF(J13=3,0.62,IF(J13=4,0.45,0.55))))*M13/10*F13)^0.916 -> 2.1999419 | P13: =O13*IF(G13="A",1,IF(G13="B",0.9,IF(G13="C",0.75,0.5))) -> 1.9799477 | R13: =IF(G13="A",1,IF(G13="B",0.9,IF(G13="C",0.75,0.5))) -> 0.9 | T13: =STANDARDIZE(R13,$R$62,$R$63) -> 0.17153731
B14: 149 | C14: =IF(J14=1,"බේරිය",IF(J14=2,"මණ්ඩ",IF(J14=3,"කඩොල්",IF(J14=4,"තෙලකීරිය","හීන් කඩොල්/ ඇවරි කඩොල්")))) -> බේරිය | D14: =IF(J14=1,"Lumitzera racemosa",IF(J14=2,"Avicenia marina",IF(J14=3,"Rhizophora spp.",IF(J14=4,"Excoecaria agallocha","Aegiceras corniculatum")))) -> Lumitzera racemosa | E14: 15.5 | F14: 2.5 | G14: B | J14: 1 | M14: =10*E14/PI() -> 49.338032 | O14: =0.251*(IF(J14=1,0.7,IF(J14=2,0.58,IF(J14=3,0.62,IF(J14=4,0.45,0.55))))*M14/10*F14)^0.916 -> 1.8082194 | P14: =O14*IF(G14="A",1,IF(G14="B",0.9,IF(G14="C",0.75,0.5))) -> 1.6273975 | R14: =IF(G14="A",1,IF(G14="B",0.9,IF(G14="C",0.75,0.5))) -> 0.9 | T14: =STANDARDIZE(R14,$R$62,$R$63) -> 0.17153731
B15: 150 | E15: 21 | G15: B | M15: =10*E15/PI() -> 66.845076 | O15: =0.251*(IF(J15=1,0.7,IF(J15=2,0.58,IF(J15=3,0.62,IF(J15=4,0.45,0.55))))*M15/10*F14)^0.916 -> 1.9147963 | P15: =O15*IF(G15="A",1,IF(G15="B",0.9,IF(G15="C",0.75,0.5))) -> 1.7233167 | R15: =IF(G15="A",1,IF(G15="B",0.9,IF(G15="C",0.75,0.5))) -> 0.9 | T15: =STANDARDIZE(R15,$R$62,$R$63) -> 0.17153731
B16: 151 | E16: 45 | G16: B | H16: Fruits | M16: =10*E16/PI() -> 143.23945 | O16: =0.251*(IF(J16=1,0.7,IF(J16=2,0.58,IF(J16=3,0.62,IF(J16=4,0.45,0.55))))*M16/10*F14)^0.916 -> 3.848685 | P16: =O16*IF(G16="A",1,IF(G16="B",0.9,IF(G16="C",0.75,0.5))) -> 3.4638165 | R16: =IF(G16="A",1,IF(G16="B",0.9,IF(G16="C",0.75,0.5))) -> 0.9 | T16: =STANDARDIZE(R16,$R$62,$R$63) -> 0.17153731
B17: 152 | C17: =IF(J17=1,"බේරිය",IF(J17=2,"මණ්ඩ",IF(J17=3,"කඩොල්",IF(J17=4,"තෙලකීරිය","හීන් කඩොල්/ ඇවරි කඩොල්")))) -> තෙලකීරිය | D17: =IF(J17=1,"Lumitzera racemosa",IF(J17=2,"Avicenia marina",IF(J17=3,"Rhizophora spp.",IF(J17=4,"Excoecaria agallocha","Aegiceras corniculatum")))) -> Excoecaria agallocha | E17: 20 | F17: 3 | G17: B | J17: 4 | M17: =10*E17/PI() -> 63.661977 | O17: =0.251*(IF(J17=1,0.7,IF(J17=2,0.58,IF(J17=3,0.62,IF(J17=4,0.45,0.55))))*M17/10*F17)^0.916 -> 1.8005851 | P17: =O17*IF(G17="A",1,IF(G17="B",0.9,IF(G17="C",0.75,0.5))) -> 1.6205266 | R17: =IF(G17="A",1,IF(G17="B",0.9,IF(G17="C",0.75,0.5))) -> 0.9 | T17: =STANDARDIZE(R17,$R$62,$R$63) -> 0.17153731
B18: 153 | E18: 28 | G18: B | M18: =10*E18/PI() -> 89.126768 | O18: =0.251*(IF(J18=1,0.7,IF(J18=2,0.58,IF(J18=3,0.62,IF(J18=4,0.45,0.55))))*M18/10*F17)^0.916 -> 2.9450759 | P18: =O18*IF(G18="A",1,IF(G18="B",0.9,IF(G18="C",0.75,0.5))) -> 2.6505683 | R18: =IF(G18="A",1,IF(G18="B",0.9,IF(G18="C",0.75,0.5))) -> 0.9 | T18: =STANDARDIZE(R18,$R$62,$R$63) -> 0.17153731
B19: 154 | E19: 28 | G19: B | M19: =10*E19/PI() -> 89.126768 | O19: =0.251*(IF(J19=1,0.7,IF(J19=2,0.58,IF(J19=3,0.62,IF(J19=4,0.45,0.55))))*M19/10*F17)^0.916 -> 2.9450759 | P19: =O19*IF(G19="A",1,IF(G19="B",0.9,IF(G19="C",0.75,0.5))) -> 2.6505683 | R19: =IF(G19="A",1,IF(G19="B",0.9,IF(G19="C",0.75,0.5))) -> 0.9 | T19: =STANDARDIZE(R19,$R$62,$R$63) -> 0.17153731
B20: 155 | C20: =IF(J20=1,"බේරිය",IF(J20=2,"මණ්ඩ",IF(J20=3,"කඩොල්",IF(J20=4,"තෙලකීරිය","හීන් කඩොල්/ ඇවරි කඩොල්")))) -> බේරිය | D20: =IF(J20=1,"Lumitzera racemosa",IF(J20=2,"Avicenia marina",IF(J20=3,"Rhizophora spp.",IF(J20=4,"Excoecaria agallocha","Aegiceras corniculatum")))) -> Lumitzera racemosa | E20: 33 | F20: 3 | G20: B | J20: 1 | M20: =10*E20/PI() -> 105.04226 | O20: =0.251*(IF(J20=1,0.7,IF(J20=2,0.58,IF(J20=3,0.62,IF(J20=4,0.45,0.55))))*M20/10*F20)^0.916 -> 4.2696874 | P20: =O20*IF(G20="A",1,IF(G20="B",0.9,IF(G20="C",0.75,0.5))) -> 3.8427187 | R20: =IF(G20="A",1,IF(G20="B",0.9,IF(G20="C",0.75,0.5))) -> 0.9 | T20: =STANDARDIZE(R20,$R$62,$R$63) -> 0.17153731
B21: 156 | C21: =IF(J21=1,"බේරිය",IF(J21=2,"මණ්ඩ",IF(J21=3,"කඩොල්",IF(J21=4,"තෙලකීරිය","හීන් කඩොල්/ ඇවරි කඩොල්")))) -> බේරිය | D21: =IF(J21=1,"Lumitzera racemosa",IF(J21=2,"Avicenia marina",IF(J21=3,"Rhizophora spp.",IF(J21=4,"Excoecaria agallocha","Aegiceras corniculatum")))) -> Lumitzera racemosa | E21: 16 | F21: 2.5 | G21: C | J21: 1 | M21: =10*E21/PI() -> 50.929582 | O21: =0.251*(IF(J21=1,0.7,IF(J21=2,0.58,IF(J21=3,0.62,IF(J21=4,0.45,0.55))))*M21/10*F21)^0.916 -> 1.8615778 | P21: =O21*IF(G21="A",1,IF(G21="B",0.9,IF(G21="C",0.75,0.5))) -> 1.3961834 | R21: =IF(G21="A",1,IF(G21="B",0.9,IF(G21="C",0.75,0.5))) -> 0.75 | T21: =STANDARDIZE(R21,$R$62,$R$63) -> -2.4950881
B22: 157 | C22: =IF(J22=1,"බේරිය",IF(J22=2,"මණ්ඩ",IF(J22=3,"කඩොල්",IF(J22=4,"තෙලකීරිය","හීන් කඩොල්/ ඇවරි කඩොල්")))) -> බේරිය | D22: =IF(J22=1,"Lumitzera racemosa",IF(J22=2,"Avicenia marina",IF(J22=3,"Rhizophora spp.",IF(J22=4,"Excoecaria agallocha","Aegiceras corniculatum")))) -> Lumitzera racemosa | E22: 23 | F22: 2.5 | G22: B | J22: 1 | M22: =10*E22/PI() -> 73.211274 | O22: =0.251*(IF(J22=1,0.7,IF(J22=2,0.58,IF(J22=3,0.62,IF(J22=4,0.45,0.55))))*M22/10*F22)^0.916 -> 2.5956731 | P22: =O22*IF(G22="A",1,IF(G22="B",0.9,IF(G22="C",0.75,0.5))) -> 2.3361057 | R22: =IF(G22="A",1,IF(G22="B",0.9,IF(G22="C",0.75,0.5))) -> 0.9 | T22: =STANDARDIZE(R22,$R$62,$R$63) -> 0.17153731
B23: 159 | C23: =IF(J23=1,"බේරිය",IF(J23=2,"මණ්ඩ",IF(J23=3,"කඩොල්",IF(J23=4,"තෙලකීරිය","හීන් කඩොල්/ ඇවරි කඩොල්")))) -> බේරිය | D23: =IF(J23=1,"Lumitzera racemosa",IF(J23=2,"Avicenia marina",IF(J23=3,"Rhizophora spp.",IF(J23=4,"Excoecaria agallocha","Aegiceras corniculatum")))) -> Lumitzera racemosa | E23: 15.5 | F23: 2.5 | G23: B | H23: Fruits | J23: 1 | M23: =10*E23/PI() -> 49.338032 | O23: =0.251*(IF(J23=1,0.7,IF(J23=2,0.58,IF(J23=3,0.62,IF(J23=4,0.45,0.55))))*M23/10*F23)^0.916 -> 1.8082194 | P23: =O23*IF(G23="A",1,IF(G23="B",0.9,IF(G23="C",0.75,0.5))) -> 1.6273975 | R23: =IF(G23="A",1,IF(G23="B",0.9,IF(G23="C",0.75,0.5))) -> 0.9 | T23: =STANDARDIZE(R23,$R$62,$R$63) -> 0.17153731
B24: 160 | E24: 15.5 | F24: 1.5 | G24: B | M24: =10*E24/PI() -> 49.338032 | O24: =0.251*(IF(J24=1,0.7,IF(J24=2,0.58,IF(J24=3,0.62,IF(J24=4,0.45,0.55))))*M24/10*F24)^0.916 -> 0.90802978 | P24: =O24*IF(G24="A",1,IF(G24="B",0.9,IF(G24="C",0.75,0.5))) -> 0.8172268 | R24: =IF(G24="A",1,IF(G24="B",0.9,IF(G24="C",0.75,0.5))) -> 0.9 | T24: =STANDARDIZE(R24,$R$62,$R$63) -> 0.17153731
B25: 161 | C25: =IF(J25=1,"බේරිය",IF(J25=2,"මණ්ඩ",IF(J25=3,"කඩොල්",IF(J25=4,"තෙලකීරිය","හීන් කඩොල්/ ඇවරි කඩොල්")))) -> තෙලකීරිය | D25: =IF(J25=1,"Lumitzera racemosa",IF(J25=2,"Avicenia marina",IF(J25=3,"Rhizophora spp.",IF(J25=4,"Excoecaria agallocha","Aegiceras corniculatum")))) -> Excoecaria agallocha | E25: 23 | F25: 3 | G25: B | J25: 4 | M25: =10*E25/PI() -> 73.211274 | O25: =0.251*(IF(J25=1,0.7,IF(J25=2,0.58,IF(J25=3,0.62,IF(J25=4,0.45,0.55))))*M25/10*F25)^0.916 -> 2.0465053 | P25: =O25*IF(G25="A",1,IF(G25="B",0.9,IF(G25="C",0.75,0.5))) -> 1.8418547 | R25: =IF(G25="A",1,IF(G25="B",0.9,IF(G25="C",0.75,0.5))) -> 0.9 | T25: =STANDARDIZE(R25,$R$62,$R$63) -> 0.17153731
B26: 162 | C26: =IF(J26=1,"බේරිය",IF(J26=2,"මණ්ඩ",IF(J26=3,"කඩොල්",IF(J26=4,"තෙලකීරිය","හීන් කඩොල්/ ඇවරි කඩොල්")))) -> බේරිය | D26: =IF(J26=1,"Lumitzera racemosa",IF(J26=2,"Avicenia marina",IF(J26=3,"Rhizophora spp.",IF(J26=4,"Excoecaria agallocha","Aegiceras corniculatum")))) -> Lumitzera racemosa | E26: 18.5 | F26: 2.5 | G26: B | J26: 1 | M26: =10*E26/PI() -> 58.887329 | O26: =0.251*(IF(J26=1,0.7,IF(J26=2,0.58,IF(J26=3,0.62,IF(J26=4,0.45,0.55))))*M26/10*F26)^0.916 -> 2.126359 | P26: =O26*IF(G26="A",1,IF(G26="B",0.9,IF(G26="C",0.75,0.5))) -> 1.9137231 | R26: =IF(G26="A",1,IF(G26="B",0.9,IF(G26="C",0.75,0.5))) -> 0.9 | T26: =STANDARDIZE(R26,$R$62,$R$63) -> 0.17153731
B27: 163 | E27: 16 | F27: 2.5 | G27: B | M27: =10*E27/PI() -> 50.929582 | O27: =0.251*(IF(J27=1,0.7,IF(J27=2,0.58,IF(J27=3,0.62,IF(J27=4,0.45,0.55))))*M27/10*F27)^0.916 -> 1.4926006 | P27: =O27*IF(G27="A",1,IF(G27="B",0.9,IF(G27="C",0.75,0.5))) -> 1.3433405 | R27: =IF(G27="A",1,IF(G27="B",0.9,IF(G27="C",0.75,0.5))) -> 0.9 | T27: =STANDARDIZE(R27,$R$62,$R$63) -> 0.17153731
B28: 164 | E28: 17 | F28: 2.5 | G28: B | M28: =10*E28/PI() -> 54.112681 | O28: =0.251*(IF(J28=1,0.7,IF(J28=2,0.58,IF(J28=3,0.62,IF(J28=4,0.45,0.55))))*M28/10*F28)^0.916 -> 1.5778326 | P28: =O28*IF(G28="A",1,IF(G28="B",0.9,IF(G28="C",0.75,0.5))) -> 1.4200493 | R28: =IF(G28="A",1,IF(G28="B",0.9,IF(G28="C",0.75,0.5))) -> 0.9 | T28: =STANDARDIZE(R28,$R$62,$R$63) -> 0.17153731
B29: 165 | E29: 18 | F29: 2.5 | G29: B | M29: =10*E29/PI() -> 57.29578 | O29: =0.251*(IF(J29=1,0.7,IF(J29=2,0.58,IF(J29=3,0.62,IF(J29=4,0.45,0.55))))*M29/10*F29)^0.916 -> 1.6626442 | P29: =O29*IF(G29="A",1,IF(G29="B",0.9,IF(G29="C",0.75,0.5))) -> 1.4963798 | R29: =IF(G29="A",1,IF(G29="B",0.9,IF(G29="C",0.75,0.5))) -> 0.9 | T29: =STANDARDIZE(R29,$R$62,$R$63) -> 0.17153731
B30: 166 | C30: =IF(J30=1,"බේරිය",IF(J30=2,"මණ්ඩ",IF(J30=3,"කඩොල්",IF(J30=4,"තෙලකීරිය","හීන් කඩොල්/ ඇවරි කඩොල්")))) -> බේරිය | D30: =IF(J30=1,"Lumitzera racemosa",IF(J30=2,"Avicenia marina",IF(J30=3,"Rhizophora spp.",IF(J30=4,"Excoecaria agallocha","Aegiceras corniculatum")))) -> Lumitzera racemosa | E30: 20 | F30: 2.5 | G30: B | J30: 1 | M30: =10*E30/PI() -> 63.661977 | O30: =0.251*(IF(J30=1,0.7,IF(J30=2,0.58,IF(J30=3,0.62,IF(J30=4,0.45,0.55))))*M30/10*F30)^0.916 -> 2.2837616 | P30: =O30*IF(G30="A",1,IF(G30="B",0.9,IF(G30="C",0.75,0.5))) -> 2.0553854 | R30: =IF(G30="A",1,IF(G30="B",0.9,IF(G30="C",0.75,0.5))) -> 0.9 | T30: =STANDARDIZE(R30,$R$62,$R$63) -> 0.17153731
B31: 167 | E31: 16.5 | F31: 2.5 | G31: B | M31: =10*E31/PI() -> 52.521131 | O31: =0.251*(IF(J31=1,0.7,IF(J31=2,0.58,IF(J31=3,0.62,IF(J31=4,0.45,0.55))))*M31/10*F31)^0.916 -> 1.5352708 | P31: =O31*IF(G31="A",1,IF(G31="B",0.9,IF(G31="C",0.75,0.5))) -> 1.3817438 | R31: =IF(G31="A",1,IF(G31="B",0.9,IF(G31="C",0.75,0.5))) -> 0.9 | T31: =STANDARDIZE(R31,$R$62,$R$63) -> 0.17153731
B32: 168 | C32: =IF(J32=1,"බේරිය",IF(J32=2,"මණ්ඩ",IF(J32=3,"කඩොල්",IF(J32=4,"තෙලකීරිය","හීන් කඩොල්/ ඇවරි කඩොල්")))) -> බේරිය | D32: =IF(J32=1,"Lumitzera racemosa",IF(J32=2,"Avicenia marina",IF(J32=3,"Rhizophora spp.",IF(J32=4,"Excoecaria agallocha","Aegiceras corniculatum")))) -> Lumitzera racemosa | E32: 16 | F32: 2.5 | G32: B | J32: 1 | M32: =10*E32/PI() -> 50.929582 | O32: =0.251*(IF(J32=1,0.7,IF(J32=2,0.58,IF(J32=3,0.62,IF(J32=4,0.45,0.55))))*M32/10*F32)^0.916 -> 1.8615778 | P32: =O32*IF(G32="A",1,IF(G32="B",0.9,IF(G32="C",0.75,0.5))) -> 1.67542 | R32: =IF(G32="A",1,IF(G32="B",0.9,IF(G32="C",0.75,0.5))) -> 0.9 | T32: =STANDARDIZE(R32,$R$62,$R$63) -> 0.17153731
B33: 169 | C33: =IF(J33=1,"බේරිය",IF(J33=2,"මණ්ඩ",IF(J33=3,"කඩොල්",IF(J33=4,"තෙලකීරිය","හීන් කඩොල්/ ඇවරි කඩොල්")))) -> බේරිය | D33: =IF(J33=1,"Lumitzera racemosa",IF(J33=2,"Avicenia marina",IF(J33=3,"Rhizophora spp.",IF(J33=4,"Excoecaria agallocha","Aegiceras corniculatum")))) -> Lumitzera racemosa | E33: 18.5 | F33: 2.5 | G33: B | J33: 1 | M33: =10*E33/PI() -> 58.887329 | O33: =0.251*(IF(J33=1,0.7,IF(J33=2,0.58,IF(J33=3,0.62,IF(J33=4,0.45,0.55))))*M33/10*F33)^0.916 -> 2.126359 | P33: =O33*IF(G33="A",1,IF(G33="B",0.9,IF(G33="C",0.75,0.5))) -> 1.9137231 | R33: =IF(G33="A",1,IF(G33="B",0.9,IF(G33="C",0.75,0.5))) -> 0.9 | T33: =STANDARDIZE(R33,$R$62,$R$63) -> 0.17153731
B34: 170 | C34: =IF(J34=1,"බේරිය",IF(J34=2,"මණ්ඩ",IF(J34=3,"කඩොල්",IF(J34=4,"තෙලකීරිය","හීන් කඩොල්/ ඇවරි කඩොල්")))) -> බේරිය | D34: =IF(J34=1,"Lumitzera racemosa",IF(J34=2,"Avicenia marina",IF(J34=3,"Rhizophora spp.",IF(J34=4,"Excoecaria agallocha","Aegiceras corniculatum")))) -> Lumitzera racemosa | E34: 17 | F34: 2.5 | G34: B | J34: 1 | M34: =10*E34/PI() -> 54.112681 | O34: =0.251*(IF(J34=1,0.7,IF(J34=2,0.58,IF(J34=3,0.62,IF(J34=4,0.45,0.55))))*M34/10*F34)^0.916 -> 1.9678795 | P34: =O34*IF(G34="A",1,IF(G34="B",0.9,IF(G34="C",0.75,0.5))) -> 1.7710916 | R34: =IF(G34="A",1,IF(G34="B",0.9,IF(G34="C",0.75,0.5))) -> 0.9 | T34: =STANDARDIZE(R34,$R$62,$R$63) -> 0.17153731
B35: 171 | C35: =IF(J35=1,"බේරිය",IF(J35=2,"මණ්ඩ",IF(J35=3,"කඩොල්",IF(J35=4,"තෙලකීරිය","හීන් කඩොල්/ ඇවරි කඩොල්")))) -> බේරිය | D35: =IF(J35=1,"Lumitzera racemosa",IF(J35=2,"Avicenia marina",IF(J35=3,"Rhizophora spp.",IF(J35=4,"Excoecaria agallocha","Aegiceras corniculatum")))) -> Lumitzera racemosa | E35: 16 | F35: 2.5 | G35: B | J35: 1 | M35: =10*E35/PI() -> 50.929582 | O35: =0.251*(IF(J35=1,0.7,IF(J35=2,0.58,IF(J35=3,0.62,IF(J35=4,0.45,0.55))))*M35/10*F35)^0.916 -> 1.8615778 | P35: =O35*IF(G35="A",1,IF(G35="B",0.9,IF(G35="C",0.75,0.5))) -> 1.67542 | R35: =IF(G35="A",1,IF(G35="B",0.9,IF(G35="C",0.75,0.5))) -> 0.9 | T35: =STANDARDIZE(R35,$R$62,$R$63) -> 0.17153731
B36: 172 | C36: =IF(J36=1,"බේරිය",IF(J36=2,"මණ්ඩ",IF(J36=3,"කඩොල්",IF(J36=4,"තෙලකීරිය","හීන් කඩොල්/ ඇවරි කඩොල්")))) -> බේරිය | D36: =IF(J36=1,"Lumitzera racemosa",IF(J36=2,"Avicenia marina",IF(J36=3,"Rhizophora spp.",IF(J36=4,"Excoecaria agallocha","Aegiceras corniculatum")))) -> Lumitzera racemosa | E36: 22 | F36: 3 | G36: B | J36: 1 | M36: =10*E36/PI() -> 70.028175 | O36: =0.251*(IF(J36=1,0.7,IF(J36=2,0.58,IF(J36=3,0.62,IF(J36=4,0.45,0.55))))*M36/10*F36)^0.916 -> 2.9450759 | P36: =O36*IF(G36="A",1,IF(G36="B",0.9,IF(G36="C",0.75,0.5))) -> 2.6505683 | R36: =IF(G36="A",1,IF(G36="B",0.9,IF(G36="C",0.75,0.5))) -> 0.9 | T36: =STANDARDIZE(R36,$R$62,$R$63) -> 0.17153731
B37: 173 | C37: =IF(J37=1,"බේරිය",IF(J37=2,"මණ්ඩ",IF(J37=3,"කඩොල්",IF(J37=4,"තෙලකීරිය","හීන් කඩොල්/ ඇවරි කඩොල්")))) -> බේරිය | D37: =IF(J37=1,"Lumitzera racemosa",IF(J37=2,"Avicenia marina",IF(J37=3,"Rhizophora spp.",IF(J37=4,"Excoecaria agallocha","Aegiceras corniculatum")))) -> Lumitzera racemosa | E37: 20 | F37: 3 | G37: B | J37: 1 | M37: =10*E37/PI() -> 63.661977 | O37: =0.251*(IF(J37=1,0.7,IF(J37=2,0.58,IF(J37=3,0.62,IF(J37=4,0.45,0.55))))*M37/10*F37)^0.916 -> 2.6988627 | P37: =O37*IF(G37="A",1,IF(G37="B",0.9,IF(G37="C",0.75,0.5))) -> 2.4289764 | R37: =IF(G37="A",1,IF(G37="B",0.9,IF(G37="C",0.75,0.5))) -> 0.9 | T37: =STANDARDIZE(R37,$R$62,$R$63) -> 0.17153731
B38: 174 | C38: =IF(J38=1,"බේරිය",IF(J38=2,"මණ්ඩ",IF(J38=3,"කඩොල්",IF(J38=4,"තෙලකීරිය","හීන් කඩොල්/ ඇවරි කඩොල්")))) -> බේරිය | D38: =IF(J38=1,"Lumitzera racemosa",IF(J38=2,"Avicenia marina",IF(J38=3,"Rhizophora spp.",IF(J38=4,"Excoecaria agallocha","Aegiceras corniculatum")))) -> Lumitzera racemosa | E38: 23 | F38: 3 | G38: B | J38: 1 | M38: =10*E38/PI() -> 73.211274 | O38: =0.251*(IF(J38=1,0.7,IF(J38=2,0.58,IF(J38=3,0.62,IF(J38=4,0.45,0.55))))*M38/10*F38)^0.916 -> 3.0674678 | P38: =O38*IF(G38="A",1,IF(G38="B",0.9,IF(G38="C",0.75,0.5))) -> 2.760721 | R38: =IF(G38="A",1,IF(G38="B",0.9,IF(G38="C",0.75,0.5))) -> 0.9 | T38: =STANDARDIZE(R38,$R$62,$R$63) -> 0.17153731
B39: 175 | E39: 17 | G39: B | M39: =10*E39/PI() -> 54.112681 | O39: =0.251*(IF(J39=1,0.7,IF(J39=2,0.58,IF(J39=3,0.62,IF(J39=4,0.45,0.55))))*M39/10*F38)^0.916 -> 1.8646226 | P39: =O39*IF(G39="A",1,IF(G39="B",0.9,IF(G39="C",0.75,0.5))) -> 1.6781603 | R39: =IF(G39="A",1,IF(G39="B",0.9,IF(G39="C",0.75,0.5))) -> 0.9 | T39: =STANDARDIZE(R39,$R$62,$R$63) -> 0.17153731
B40: 176 | E40: 19 | G40: B | M40: =10*E40/PI() -> 60.478878 | O40: =0.251*(IF(J40=1,0.7,IF(J40=2,0.58,IF(J40=3,0.62,IF(J40=4,0.45,0.55))))*M40/10*F38)^0.916 -> 2.06461 | P40: =O40*IF(G40="A",1,IF(G40="B",0.9,IF(G40="C",0.75,0.5))) -> 1.858149 | R40: =IF(G40="A",1,IF(G40="B",0.9,IF(G40="C",0.75,0.5))) -> 0.9 | T40: =STANDARDIZE(R40,$R$62,$R$63) -> 0.17153731
B41: 177 | C41: =IF(J41=1,"බේරිය",IF(J41=2,"මණ්ඩ",IF(J41=3,"කඩොල්",IF(J41=4,"තෙලකීරිය","හීන් කඩොල්/ ඇවරි කඩොල්")))) -> බේරිය | D41: =IF(J41=1,"Lumitzera racemosa",IF(J41=2,"Avicenia marina",IF(J41=3,"Rhizophora spp.",IF(J41=4,"Excoecaria agallocha","Aegiceras corniculatum")))) -> Lumitzera racemosa | E41: 16.5 | F41: 2.5 | G41: B | J41: 1 | M41: =10*E41/PI() -> 52.521131 | O41: =0.251*(IF(J41=1,0.7,IF(J41=2,0.58,IF(J41=3,0.62,IF(J41=4,0.45,0.55))))*M41/10*F41)^0.916 -> 1.9147963 | P41: =O41*IF(G41="A",1,IF(G41="B",0.9,IF(G41="C",0.75,0.5))) -> 1.7233167 | R41: =IF(G41="A",1,IF(G41="B",0.9,IF(G41="C",0.75,0.5))) -> 0.9 | T41: =STANDARDIZE(R41,$R$62,$R$63) -> 0.17153731
B42: 178 | C42: =IF(J42=1,"බේරිය",IF(J42=2,"මණ්ඩ",IF(J42=3,"කඩොල්",IF(J42=4,"තෙලකීරිය","හීන් කඩොල්/ ඇවරි කඩොල්")))) -> තෙලකීරිය | D42: =IF(J42=1,"Lumitzera racemosa",IF(J42=2,"Avicenia marina",IF(J42=3,"Rhizophora spp.",IF(J42=4,"Excoecaria agallocha","Aegiceras corniculatum")))) -> Excoecaria agallocha | E42: 19 | F42: 1.5 | G42: B | J42: 4 | M42: =10*E42/PI() -> 60.478878 | O42: =0.251*(IF(J42=1,0.7,IF(J42=2,0.58,IF(J42=3,0.62,IF(J42=4,0.45,0.55))))*M42/10*F42)^0.916 -> 0.91046864 | P42: =O42*IF(G42="A",1,IF(G42="B",0.9,IF(G42="C",0.75,0.5))) -> 0.81942178 | R42: =IF(G42="A",1,IF(G42="B",0.9,IF(G42="C",0.75,0.5))) -> 0.9 | T42: =STANDARDIZE(R42,$R$62,$R$63) -> 0.17153731
B43: 179 | C43: =IF(J43=1,"බේරිය",IF(J43=2,"මණ්ඩ",IF(J43=3,"කඩොල්",IF(J43=4,"තෙලකීරිය","හීන් කඩොල්/ ඇවරි කඩොල්")))) -> බේරිය | D43: =IF(J43=1,"Lumitzera racemosa",IF(J43=2,"Avicenia marina",IF(J43=3,"Rhizophora spp.",IF(J43=4,"Excoecaria agallocha","Aegiceras corniculatum")))) -> Lumitzera racemosa | E43: 22.5 | F43: 2 | G43: B | J43: 1 | M43: =10*E43/PI() -> 71.619724 | O43: =0.251*(IF(J43=1,0.7,IF(J43=2,0.58,IF(J43=3,0.62,IF(J43=4,0.45,0.55))))*M43/10*F43)^0.916 -> 2.0736569 | P43: =O43*IF(G43="A",1,IF(G43="B",0.9,IF(G43="C",0.75,0.5))) -> 1.8662912 | R43: =IF(G43="A",1,IF(G43="B",0.9,IF(G43="C",0.75,0.5))) -> 0.9 | T43: =STANDARDIZE(R43,$R$62,$R$63) -> 0.17153731
B44: 180 | E44: 20 | G44: B | M44: =10*E44/PI() -> 63.661977 | O44: =0.251*(IF(J44=1,0.7,IF(J44=2,0.58,IF(J44=3,0.62,IF(J44=4,0.45,0.55))))*M44/10*F43)^0.916 -> 1.4926006 | P44: =O44*IF(G44="A",1,IF(G44="B",0.9,IF(G44="C",0.75,0.5))) -> 1.3433405 | R44: =IF(G44="A",1,IF(G44="B",0.9,IF(G44="C",0.75,0.5))) -> 0.9 | T44: =STANDARDIZE(R44,$R$62,$R$63) -> 0.17153731
B45: 181 | C45: =IF(J45=1,"බේරිය",IF(J45=2,"මණ්ඩ",IF(J45=3,"කඩොල්",IF(J45=4,"තෙලකීරිය","හීන් කඩොල්/ ඇවරි කඩොල්")))) -> තෙලකීරිය | D45: =IF(J45=1,"Lumitzera racemosa",IF(J45=2,"Avicenia marina",IF(J45=3,"Rhizophora spp.",IF(J45=4,"Excoecaria agallocha","Aegiceras corniculatum")))) -> Excoecaria agallocha | E45: 24 | F45: 1.5 | G45: D | J45: 4 | M45: =10*E45/PI() -> 76.394373 | O45: =0.251*(IF(J45=1,0.7,IF(J45=2,0.58,IF(J45=3,0.62,IF(J45=4,0.45,0.55))))*M45/10*F45)^0.916 -> 1.1277172 | P45: =O45*IF(G45="A",1,IF(G45="B",0.9,IF(G45="C",0.75,0.5))) -> 0.56385858 | R45: =IF(G45="A",1,IF(G45="B",0.9,IF(G45="C",0.75,0.5))) -> 0.5 | T45: =STANDARDIZE(R45,$R$62,$R$63) -> -6.9394638
B46: 182 | C46: =IF(J46=1,"බේරිය",IF(J46=2,"මණ්ඩ",IF(J46=3,"කඩොල්",IF(J46=4,"තෙලකීරිය","හීන් කඩොල්/ ඇවරි කඩොල්")))) -> බේරිය | D46: =IF(J46=1,"Lumitzera racemosa",IF(J46=2,"Avicenia marina",IF(J46=3,"Rhizophora spp.",IF(J46=4,"Excoecaria agallocha","Aegiceras corniculatum")))) -> Lumitzera racemosa | E46: 23 | F46: 2 | G46: B | J46: 1 | M46: =10*E46/PI() -> 73.211274 | O46: =0.251*(IF(J46=1,0.7,IF(J46=2,0.58,IF(J46=3,0.62,IF(J46=4,0.45,0.55))))*M46/10*F46)^0.916 -> 2.1158283 | P46: =O46*IF(G46="A",1,IF(G46="B",0.9,IF(G46="C",0.75,0.5))) -> 1.9042454 | R46: =IF(G46="A",1,IF(G46="B",0.9,IF(G46="C",0.75,0.5))) -> 0.9 | T46: =STANDARDIZE(R46,$R$62,$R$63) -> 0.17153731
B47: 183 | C47: =IF(J47=1,"බේරිය",IF(J47=2,"මණ්ඩ",IF(J47=3,"කඩොල්",IF(J47=4,"තෙලකීරිය","හීන් කඩොල්/ ඇවරි කඩොල්")))) -> බේරිය | D47: =IF(J47=1,"Lumitzera racemosa",IF(J47=2,"Avicenia marina",IF(J47=3,"Rhizophora spp.",IF(J47=4,"Excoecaria agallocha","Aegiceras corniculatum")))) -> Lumitzera racemosa | E47: 25 | F47: 3 | G47: B | J47: 1 | M47: =10*E47/PI() -> 79.577472 | O47: =0.251*(IF(J47=1,0.7,IF(J47=2,0.58,IF(J47=3,0.62,IF(J47=4,0.45,0.55))))*M47/10*F47)^0.916 -> 3.3109328 | P47: =O47*IF(G47="A",1,IF(G47="B",0.9,IF(G47="C",0.75,0.5))) -> 2.9798395 | R47: =IF(G47="A",1,IF(G47="B",0.9,IF(G47="C",0.75,0.5))) -> 0.9 | T47: =STANDARDIZE(R47,$R$62,$R$63) -> 0.17153731
B48: 184 | C48: =IF(J48=1,"බේරිය",IF(J48=2,"මණ්ඩ",IF(J48=3,"කඩොල්",IF(J48=4,"තෙලකීරිය","හීන් කඩොල්/ ඇවරි කඩොල්")))) -> බේරිය | D48: =IF(J48=1,"Lumitzera racemosa",IF(J48=2,"Avicenia marina",IF(J48=3,"Rhizophora spp.",IF(J48=4,"Excoecaria agallocha","Aegiceras corniculatum")))) -> Lumitzera racemosa | E48: 23 | F48: 3 | G48: B | J48: 1 | M48: =10*E48/PI() -> 73.211274 | O48: =0.251*(IF(J48=1,0.7,IF(J48=2,0.58,IF(J48=3,0.62,IF(J48=4,0.45,0.55))))*M48/10*F48)^0.916 -> 3.0674678 | P48: =O48*IF(G48="A",1,IF(G48="B",0.9,IF(G48="C",0.75,0.5))) -> 2.760721 | R48: =IF(G48="A",1,IF(G48="B",0.9,IF(G48="C",0.75,0.5))) -> 0.9 | T48: =STANDARDIZE(R48,$R$62,$R$63) -> 0.17153731
B49: 185 | C49: =IF(J49=1,"බේරිය",IF(J49=2,"මණ්ඩ",IF(J49=3,"කඩොල්",IF(J49=4,"තෙලකීරිය","හීන් කඩොල්/ ඇවරි කඩොල්")))) -> බේරිය | D49: =IF(J49=1,"Lumitzera racemosa",IF(J49=2,"Avicenia marina",IF(J49=3,"Rhizophora spp.",IF(J49=4,"Excoecaria agallocha","Aegiceras corniculatum")))) -> Lumitzera racemosa | E49: 11.5 | F49: 2 | G49: B | J49: 1 | M49: =10*E49/PI() -> 36.605637 | O49: =0.251*(IF(J49=1,0.7,IF(J49=2,0.58,IF(J49=3,0.62,IF(J49=4,0.45,0.55))))*M49/10*F49)^0.916 -> 1.121339 | P49: =O49*IF(G49="A",1,IF(G49="B",0.9,IF(G49="C",0.75,0.5))) -> 1.0092051 | R49: =IF(G49="A",1,IF(G49="B",0.9,IF(G49="C",0.75,0.5))) -> 0.9 | T49: =STANDARDIZE(R49,$R$62,$R$63) -> 0.17153731
B50: 186 | C50: =IF(J50=1,"බේරිය",IF(J50=2,"මණ්ඩ",IF(J50=3,"කඩොල්",IF(J50=4,"තෙලකීරිය","හීන් කඩොල්/ ඇවරි කඩොල්")))) -> බේරිය | D50: =IF(J50=1,"Lumitzera racemosa",IF(J50=2,"Avicenia marina",IF(J50=3,"Rhizophora spp.",IF(J50=4,"Excoecaria agallocha","Aegiceras corniculatum")))) -> Lumitzera racemosa | E50: 25 | F50: 2.5 | G50: B | J50: 1 | M50: =10*E50/PI() -> 79.577472 | O50: =0.251*(IF(J50=1,0.7,IF(J50=2,0.58,IF(J50=3,0.62,IF(J50=4,0.45,0.55))))*M50/10*F50)^0.916 -> 2.8016917 | P50: =O50*IF(G50="A",1,IF(G50="B",0.9,IF(G50="C",0.75,0.5))) -> 2.5215225 | R50: =IF(G50="A",1,IF(G50="B",0.9,IF(G50="C",0.75,0.5))) -> 0.9 | T50: =STANDARDIZE(R50,$R$62,$R$63) -> 0.17153731
B51: 187 | C51: =IF(J51=1,"බේරිය",IF(J51=2,"මණ්ඩ",IF(J51=3,"කඩොල්",IF(J51=4,"තෙලකීරිය","හීන් කඩොල්/ ඇවරි කඩොල්")))) -> බේරිය | D51: =IF(J51=1,"Lumitzera racemosa",IF(J51=2,"Avicenia marina",IF(J51=3,"Rhizophora spp.",IF(J51=4,"Excoecaria agallocha","Aegiceras corniculatum")))) -> Lumitzera racemosa | E51: 24 | F51: 2.5 | G51: B | J51: 1 | M51: =10*E51/PI() -> 76.394373 | O51: =0.251*(IF(J51=1,0.7,IF(J51=2,0.58,IF(J51=3,0.62,IF(J51=4,0.45,0.55))))*M51/10*F51)^0.916 -> 2.6988627 | P51: =O51*IF(G51="A",1,IF(G51="B",0.9,IF(G51="C",0.75,0.5))) -> 2.4289764 | R51: =IF(G51="A",1,IF(G51="B",0.9,IF(G51="C",0.75,0.5))) -> 0.9 | T51: =STANDARDIZE(R51,$R$62,$R$63) -> 0.17153731
B52: 188 | E52: 18 | G52: B | M52: =10*E52/PI() -> 57.29578 | O52: =0.251*(IF(J52=1,0.7,IF(J52=2,0.58,IF(J52=3,0.62,IF(J52=4,0.45,0.55))))*M52/10*F51)^0.916 -> 1.6626442 | P52: =O52*IF(G52="A",1,IF(G52="B",0.9,IF(G52="C",0.75,0.5))) -> 1.4963798 | R52: =IF(G52="A",1,IF(G52="B",0.9,IF(G52="C",0.75,0.5))) -> 0.9 | T52: =STANDARDIZE(R52,$R$62,$R$63) -> 0.17153731
B53: 189 | C53: =IF(J53=1,"බේරිය",IF(J53=2,"මණ්ඩ",IF(J53=3,"කඩොල්",IF(J53=4,"තෙලකීරිය","හීන් කඩොල්/ ඇවරි කඩොල්")))) -> බේරිය | D53: =IF(J53=1,"Lumitzera racemosa",IF(J53=2,"Avicenia marina",IF(J53=3,"Rhizophora spp.",IF(J53=4,"Excoecaria agallocha","Aegiceras corniculatum")))) -> Lumitzera racemosa | E53: 15.5 | F53: 2.5 | G53: B | J53: 1 | M53: =10*E53/PI() -> 49.338032 | O53: =0.251*(IF(J53=1,0.7,IF(J53=2,0.58,IF(J53=3,0.62,IF(J53=4,0.45,0.55))))*M53/10*F53)^0.916 -> 1.8082194 | P53: =O53*IF(G53="A",1,IF(G53="B",0.9,IF(G53="C",0.75,0.5))) -> 1.6273975 | R53: =IF(G53="A",1,IF(G53="B",0.9,IF(G53="C",0.75,0.5))) -> 0.9 | T53: =STANDARDIZE(R53,$R$62,$R$63) -> 0.17153731
B54: 190 | C54: =IF(J54=1,"බේරිය",IF(J54=2,"මණ්ඩ",IF(J54=3,"කඩොල්",IF(J54=4,"තෙලකීරිය","හීන් කඩොල්/ ඇවරි කඩොල්")))) -> බේරිය | D54: =IF(J54=1,"Lumitzera racemosa",IF(J54=2,"Avicenia marina",IF(J54=3,"Rhizophora spp.",IF(J54=4,"Excoecaria agallocha","Aegiceras corniculatum")))) -> Lumitzera racemosa | E54: 18.5 | F54: 2.5 | G54: B | J54: 1 | M54: =10*E54/PI() -> 58.887329 | O54: =0.251*(IF(J54=1,0.7,IF(J54=2,0.58,IF(J54=3,0.62,IF(J54=4,0.45,0.55))))*M54/10*F54)^0.916 -> 2.126359 | P54: =O54*IF(G54="A",1,IF(G54="B",0.9,IF(G54="C",0.75,0.5))) -> 1.9137231 | R54: =IF(G54="A",1,IF(G54="B",0.9,IF(G54="C",0.75,0.5))) -> 0.9 | T54: =STANDARDIZE(R54,$R$62,$R$63) -> 0.17153731
B55: 191 | C55: =IF(J55=1,"බේරිය",IF(J55=2,"මණ්ඩ",IF(J55=3,"කඩොල්",IF(J55=4,"තෙලකීරිය","හීන් කඩොල්/ ඇවරි කඩොල්")))) -> බේරිය | D55: =IF(J55=1,"Lumitzera racemosa",IF(J55=2,"Avicenia marina",IF(J55=3,"Rhizophora spp.",IF(J55=4,"Excoecaria agallocha","Aegiceras corniculatum")))) -> Lumitzera racemosa | E55: 16 | F55: 2.5 | G55: B | J55: 1 | M55: =10*E55/PI() -> 50.929582 | O55: =0.251*(IF(J55=1,0.7,IF(J55=2,0.58,IF(J55=3,0.62,IF(J55=4,0.45,0.55))))*M55/10*F55)^0.916 -> 1.8615778 | P55: =O55*IF(G55="A",1,IF(G55="B",0.9,IF(G55="C",0.75,0.5))) -> 1.67542 | R55: =IF(G55="A",1,IF(G55="B",0.9,IF(G55="C",0.75,0.5))) -> 0.9 | T55: =STANDARDIZE(R55,$R$62,$R$63) -> 0.17153731
B56: 192 | E56: 18 | G56: B | M56: =10*E56/PI() -> 57.29578 | O56: =0.251*(IF(J56=1,0.7,IF(J56=2,0.58,IF(J56=3,0.62,IF(J56=4,0.45,0.55))))*M56/10*F55)^0.916 -> 1.6626442 | P56: =O56*IF(G56="A",1,IF(G56="B",0.9,IF(G56="C",0.75,0.5))) -> 1.4963798 | R56: =IF(G56="A",1,IF(G56="B",0.9,IF(G56="C",0.75,0.5))) -> 0.9 | T56: =STANDARDIZE(R56,$R$62,$R$63) -> 0.17153731
B57: 193 | C57: =IF(J57=1,"බේරිය",IF(J57=2,"මණ්ඩ",IF(J57=3,"කඩොල්",IF(J57=4,"තෙලකීරිය","හීන් කඩොල්/ ඇවරි කඩොල්")))) -> බේරිය | D57: =IF(J57=1,"Lumitzera racemosa",IF(J57=2,"Avicenia marina",IF(J57=3,"Rhizophora spp.",IF(J57=4,"Excoecaria agallocha","Aegiceras corniculatum")))) -> Lumitzera racemosa | E57: 20 | F57: 2.5 | G57: B | J57: 1 | M57: =10*E57/PI() -> 63.661977 | O57: =0.251*(IF(J57=1,0.7,IF(J57=2,0.58,IF(J57=3,0.62,IF(J57=4,0.45,0.55))))*M57/10*F57)^0.916 -> 2.2837616 | P57: =O57*IF(G57="A",1,IF(G57="B",0.9,IF(G57="C",0.75,0.5))) -> 2.0553854 | R57: =IF(G57="A",1,IF(G57="B",0.9,IF(G57="C",0.75,0.5))) -> 0.9 | T57: =STANDARDIZE(R57,$R$62,$R$63) -> 0.17153731
B58: 194 | C58: =IF(J58=1,"බේරිය",IF(J58=2,"මණ්ඩ",IF(J58=3,"කඩොල්",IF(J58=4,"තෙලකීරිය","හීන් කඩොල්/ ඇවරි කඩොල්")))) -> බේරිය | D58: =IF(J58=1,"Lumitzera racemosa",IF(J58=2,"Avicenia marina",IF(J58=3,"Rhizophora spp.",IF(J58=4,"Excoecaria agallocha","Aegiceras corniculatum")))) -> Lumitzera racemosa | E58: 17 | F58: 2 | G58: B | J58: 1 | M58: =10*E58/PI() -> 54.112681 | O58: =0.251*(IF(J58=1,0.7,IF(J58=2,0.58,IF(J58=3,0.62,IF(J58=4,0.45,0.55))))*M58/10*F58)^0.916 -> 1.6040907 | P58: =O58*IF(G58="A",1,IF(G58="B",0.9,IF(G58="C",0.75,0.5))) -> 1.4436817 | R58: =IF(G58="A",1,IF(G58="B",0.9,IF(G58="C",0.75,0.5))) -> 0.9 | T58: =STANDARDIZE(R58,$R$62,$R$63) -> 0.17153731
B59: 195 | C59: =IF(J59=1,"බේරිය",IF(J59=2,"මණ්ඩ",IF(J59=3,"කඩොල්",IF(J59=4,"තෙලකීරිය","හීන් කඩොල්/ ඇවරි කඩොල්")))) -> බේරිය | D59: =IF(J59=1,"Lumitzera racemosa",IF(J59=2,"Avicenia marina",IF(J59=3,"Rhizophora spp.",IF(J59=4,"Excoecaria agallocha","Aegiceras corniculatum")))) -> Lumitzera racemosa | E59: 17 | F59: 2 | G59: B | J59: 1 | M59: =10*E59/PI() -> 54.112681 | O59: =0.251*(IF(J59=1,0.7,IF(J59=2,0.58,IF(J59=3,0.62,IF(J59=4,0.45,0.55))))*M59/10*F59)^0.916 -> 1.6040907 | P59: =O59*IF(G59="A",1,IF(G59="B",0.9,IF(G59="C",0.75,0.5))) -> 1.4436817 | R59: =IF(G59="A",1,IF(G59="B",0.9,IF(G59="C",0.75,0.5))) -> 0.9 | T59: =STANDARDIZE(R59,$R$62,$R$63) -> 0.17153731
B60: 196 | C60: =IF(J60=1,"බේරිය",IF(J60=2,"මණ්ඩ",IF(J60=3,"කඩොල්",IF(J60=4,"තෙලකීරිය","හීන් කඩොල්/ ඇවරි කඩොල්")))) -> තෙලකීරිය | D60: =IF(J60=1,"Lumitzera racemosa",IF(J60=2,"Avicenia marina",IF(J60=3,"Rhizophora spp.",IF(J60=4,"Excoecaria agallocha","Aegiceras corniculatum")))) -> Excoecaria agallocha | E60: 19 | F60: 2.5 | G60: B | J60: 4 | M60: =10*E60/PI() -> 60.478878 | O60: =0.251*(IF(J60=1,0.7,IF(J60=2,0.58,IF(J60=3,0.62,IF(J60=4,0.45,0.55))))*M60/10*F60)^0.916 -> 1.4537122 | P60: =O60*IF(G60="A",1,IF(G60="B",0.9,IF(G60="C",0.75,0.5))) -> 1.308341 | R60: =IF(G60="A",1,IF(G60="B",0.9,IF(G60="C",0.75,0.5))) -> 0.9 | T60: =STANDARDIZE(R60,$R$62,$R$63) -> 0.17153731
O62: Total Adjusted AGB (Kg/plot) | P62: =SUM(P4:P60) -> 124.92141 | Q62: Avarage Tree Condition value | R62: =AVERAGE(R4:R60) -> 0.89035088
Q63: STDEV | R63: =STDEV(R4:R60) -> 0.05625087
O65: Total Biomass = AGB + BGB = AGB × (1 + 0.24)
O66: Total Biomass | P66: =1.24*P62 -> 154.90255
D67: *In plot no.5 & 7 plants with girth more than 15 cm is measured
D68: *For plot no.5 & 7 sub branches (sb) and branches (b) were not coutered as all most all have only one 'sb' and many 'b' s .
O69: 1 kg of dry biomass = ~1.2 kg of oxygen produced annually
O70: O₂ Produced( kg O₂/year)≈ | P70: =1.2*P66 -> 185.88305
O73: CO₂ absorbed | P73: 1 kg biomass → ~1.83 kg CO₂/year
O74: CO₂ Sequestered( kg CO₂/year)≈ | P74: =1.83*P66 -> 283.47166

Sheet Plot 6
A1: Kalpitiya Mangrove Inventory
A2: Date:03/2025
A3: Plot No | B3: Tag No | C3: Common Name | D3: Scientific Name | E3: DBH(mm) | F3: Tree Height(m) | G3: Tree Condition(A-D) | H3: Presence of Flowers/Fruits | I3: GPS | J3: Photo Numbers | K3: sub branchers (sb) | L3: branchers(b) | M3: TREE HEIGHT(INCH) | O3: ADG(kg/Tree) | P3: Adjusted AGB(for condition)(kg) | R3: Tree Condition Value | T3: Standadize Tree Condition
A4: 6 | B4: 197 | C4: =IF(J4=1,"බේරිය",IF(J4=2,"මණ්ඩ",IF(J4=3,"කඩොල්",IF(J4=4,"තෙලකීරිය","හීන් කඩොල්/ ඇවරි කඩොල්")))) -> තෙලකීරිය | D4: =IF(J4=1,"Lumitzera racemosa",IF(J4=2,"Avicenia marina",IF(J4=3,"Rhizophora spp.",IF(J4=4,"Excoecaria agallocha","Aegiceras corniculatum")))) -> Excoecaria agallocha | E4: 37.67 | F4: =M4*0.0254 -> 1.2446 | G4: B | J4: 4 | L4: 11 | M4: 49 | O4: =0.251*(IF(J4=1,0.7,IF(J4=2,0.58,IF(J4=3,0.62,IF(J4=4,0.45,0.55))))*E4/10*F4)^0.916 -> 0.49736551 | P4: =O4*IF(G4="A",1,IF(G4="B",0.9,IF(G4="C",0.75,0.5))) -> 0.44762896 | R4: =IF(G4="A",1,IF(G4="B",0.9,IF(G4="C",0.75,0.5))) -> 0.9 | T4: =STANDARDIZE(R4,$R$38,$R$39) -> 0.98473193
B5: 198 | C5: =IF(J5=1,"බේරිය",IF(J5=2,"මණ්ඩ",IF(J5=3,"කඩොල්",IF(J5=4,"තෙලකීරිය","හීන් කඩොල්/ ඇවරි කඩොල්")))) -> තෙලකීරිය | D5: =IF(J5=1,"Lumitzera racemosa",IF(J5=2,"Avicenia marina",IF(J5=3,"Rhizophora spp.",IF(J5=4,"Excoecaria agallocha","Aegiceras corniculatum")))) -> Excoecaria agallocha | E5: 69.87 | F5: =M5*0.0254 -> 2.0066 | G5: B | J5: 4 | L5: 16 | M5: 79 | O5: =0.251*(IF(J5=1,0.7,IF(J5=2,0.58,IF(J5=3,0.62,IF(J5=4,0.45,0.55))))*E5/10*F5)^0.916 -> 1.3565656 | P5: =O5*IF(G5="A",1,IF(G5="B",0.9,IF(G5="C",0.75,0.5))) -> 1.2209091 | R5: =IF(G5="A",1,IF(G5="B",0.9,IF(G5="C",0.75,0.5))) -> 0.9 | T5: =STANDARDIZE(R5,$R$38,$R$39) -> 0.98473193
B6: 199 | C6: =IF(J6=1,"බේරිය",IF(J6=2,"මණ්ඩ",IF(J6=3,"කඩොල්",IF(J6=4,"තෙලකීරිය","හීන් කඩොල්/ ඇවරි කඩොල්")))) -> තෙලකීරිය | D6: =IF(J6=1,"Lumitzera racemosa",IF(J6=2,"Avicenia marina",IF(J6=3,"Rhizophora spp.",IF(J6=4,"Excoecaria agallocha","Aegiceras corniculatum")))) -> Excoecaria agallocha | E6: 52.26 | F6: =M6*0.0254 -> 1.2446 | G6: B | J6: 4 | L6: 7 | M6: 49 | O6: =0.251*(IF(J6=1,0.7,IF(J6=2,0.58,IF(J6=3,0.62,IF(J6=4,0.45,0.55))))*E6/10*F6)^0.916 -> 0.67128486 | P6: =O6*IF(G6="A",1,IF(G6="B",0.9,IF(G6="C",0.75,0.5))) -> 0.60415638 | R6: =IF(G6="A",1,IF(G6="B",0.9,IF(G6="C",0.75,0.5))) -> 0.9 | T6: =STANDARDIZE(R6,$R$38,$R$39) -> 0.98473193
B7: 201 | C7: =IF(J7=1,"බේරිය",IF(J7=2,"මණ්ඩ",IF(J7=3,"කඩොල්",IF(J7=4,"තෙලකීරිය","හීන් කඩොල්/ ඇවරි කඩොල්")))) -> බේරිය | D7: =IF(J7=1,"Lumitzera racemosa",IF(J7=2,"Avicenia marina",IF(J7=3,"Rhizophora spp.",IF(J7=4,"Excoecaria agallocha","Aegiceras corniculatum")))) -> Lumitzera racemosa | E7: 38.32 | F7: =M7*0.0254 -> 1.27 | G7: B | J7: 1 | L7: 14 | M7: 50 | O7: =0.251*(IF(J7=1,0.7,IF(J7=2,0.58,IF(J7=3,0.62,IF(J7=4,0.45,0.55))))*E7/10*F7)^0.916 -> 0.77141041 | P7: =O7*IF(G7="A",1,IF(G7="B",0.9,IF(G7="C",0.75,0.5))) -> 0.69426937 | R7: =IF(G7="A",1,IF(G7="B",0.9,IF(G7="C",0.75,0.5))) -> 0.9 | T7: =STANDARDIZE(R7,$R$38,$R$39) -> 0.98473193
B8: 200 | C8: =IF(J8=1,"බේරිය",IF(J8=2,"මණ්ඩ",IF(J8=3,"කඩොල්",IF(J8=4,"තෙලකීරිය","හීන් කඩොල්/ ඇවරි කඩොල්")))) -> බේරිය | D8: =IF(J8=1,"Lumitzera racemosa",IF(J8=2,"Avicenia marina",IF(J8=3,"Rhizophora spp.",IF(J8=4,"Excoecaria agallocha","Aegiceras corniculatum")))) -> Lumitzera racemosa | E8: 32.53 | F8: =M8*0.0254 -> 1.3716 | G8: B | J8: 1 | L8: 9 | M8: 54 | O8: =0.251*(IF(J8=1,0.7,IF(J8=2,0.58,IF(J8=3,0.62,IF(J8=4,0.45,0.55))))*E8/10*F8)^0.916 -> 0.71241999 | P8: =O8*IF(G8="A",1,IF(G8="B",0.9,IF(G8="C",0.75,0.5))) -> 0.64117799 | R8: =IF(G8="A",1,IF(G8="B",0.9,IF(G8="C",0.75,0.5))) -> 0.9 | T8: =STANDARDIZE(R8,$R$38,$R$39) -> 0.98473193
B9: 202 | C9: =IF(J9=1,"බේරිය",IF(J9=2,"මණ්ඩ",IF(J9=3,"කඩොල්",IF(J9=4,"තෙලකීරිය","හීන් කඩොල්/ ඇවරි කඩොල්")))) -> බේරිය | D9: =IF(J9=1,"Lumitzera racemosa",IF(J9=2,"Avicenia marina",IF(J9=3,"Rhizophora spp.",IF(J9=4,"Excoecaria agallocha","Aegiceras corniculatum")))) -> Lumitzera racemosa | E9: 27.88 | F9: =M9*0.0254 -> 1.524 | G9: B | J9: 1 | L9: 7 | M9: 60 | O9: =0.251*(IF(J9=1,0.7,IF(J9=2,0.58,IF(J9=3,0.62,IF(J9=4,0.45,0.55))))*E9/10*F9)^0.916 -> 0.68121771 | P9: =O9*IF(G9="A",1,IF(G9="B",0.9,IF(G9="C",0.75,0.5))) -> 0.61309594 | R9: =IF(G9="A",1,IF(G9="B",0.9,IF(G9="C",0.75,0.5))) -> 0.9 | T9: =STANDARDIZE(R9,$R$38,$R$39) -> 0.98473193
B10: 203 | C10: =IF(J10=1,"බේරිය",IF(J10=2,"මණ්ඩ",IF(J10=3,"කඩොල්",IF(J10=4,"තෙලකීරිය","හීන් කඩොල්/ ඇවරි කඩොල්")))) -> බේරිය | D10: =IF(J10=1,"Lumitzera racemosa",IF(J10=2,"Avicenia marina",IF(J10=3,"Rhizophora spp.",IF(J10=4,"Excoecaria agallocha","Aegiceras corniculatum")))) -> Lumitzera racemosa | E10: 23.69 | F10: =M10*0.0254 -> 1.397 | G10: B | J10: 1 | L10: 9 | M10: 55 | O10: =0.251*(IF(J10=1,0.7,IF(J10=2,0.58,IF(J10=3,0.62,IF(J10=4,0.45,0.55))))*E10/10*F10)^0.916 -> 0.54185743 | P10: =O10*IF(G10="A",1,IF(G10="B",0.9,IF(G10="C",0.75,0.5))) -> 0.48767168 | R10: =IF(G10="A",1,IF(G10="B",0.9,IF(G10="C",0.75,0.5))) -> 0.9 | T10: =STANDARDIZE(R10,$R$38,$R$39) -> 0.98473193
B11: 204 | C11: =IF(J11=1,"බේරිය",IF(J11=2,"මණ්ඩ",IF(J11=3,"කඩොල්",IF(J11=4,"තෙලකීරිය","හීන් කඩොල්/ ඇවරි කඩොල්")))) -> තෙලකීරිය | D11: =IF(J11=1,"Lumitzera racemosa",IF(J11=2,"Avicenia marina",IF(J11=3,"Rhizophora spp.",IF(J11=4,"Excoecaria agallocha","Aegiceras corniculatum")))) -> Excoecaria agallocha | E11: 23.86 | F11: =M11*0.0254 -> 0.762 | G11: B | J11: 4 | L11: 2 | M11: 30 | O11: =0.251*(IF(J11=1,0.7,IF(J11=2,0.58,IF(J11=3,0.62,IF(J11=4,0.45,0.55))))*E11/10*F11)^0.916 -> 0.20884941 | P11: =O11*IF(G11="A",1,IF(G11="B",0.9,IF(G11="C",0.75,0.5))) -> 0.18796447 | R11: =IF(G11="A",1,IF(G11="B",0.9,IF(G11="C",0.75,0.5))) -> 0.9 | T11: =STANDARDIZE(R11,$R$38,$R$39) -> 0.98473193
B12: 205 | C12: =IF(J12=1,"බේරිය",IF(J12=2,"මණ්ඩ",IF(J12=3,"කඩොල්",IF(J12=4,"තෙලකීරිය","හීන් කඩොල්/ ඇවරි කඩොල්")))) -> තෙලකීරිය | D12: =IF(J12=1,"Lumitzera racemosa",IF(J12=2,"Avicenia marina",IF(J12=3,"Rhizophora spp.",IF(J12=4,"Excoecaria agallocha","Aegiceras corniculatum")))) -> Excoecaria agallocha | E12: 42.53 | F12: =M12*0.0254 -> 1.2954 | G12: B | J12: 4 | L12: 13 | M12: 51 | O12: =0.251*(IF(J12=1,0.7,IF(J12=2,0.58,IF(J12=3,0.62,IF(J12=4,0.45,0.55))))*E12/10*F12)^0.916 -> 0.57658497 | P12: =O12*IF(G12="A",1,IF(G12="B",0.9,IF(G12="C",0.75,0.5))) -> 0.51892648 | R12: =IF(G12="A",1,IF(G12="B",0.9,IF(G12="C",0.75,0.5))) -> 0.9 | T12: =STANDARDIZE(R12,$R$38,$R$39) -> 0.98473193
B13: 206 | C13: =IF(J13=1,"බේරිය",IF(J13=2,"මණ්ඩ",IF(J13=3,"කඩොල්",IF(J13=4,"තෙලකීරිය","හීන් කඩොල්/ ඇවරි කඩොල්")))) -> තෙලකීරිය | D13: =IF(J13=1,"Lumitzera racemosa",IF(J13=2,"Avicenia marina",IF(J13=3,"Rhizophora spp.",IF(J13=4,"Excoecaria agallocha","Aegiceras corniculatum")))) -> Excoecaria agallocha | E13: 12.61 | F13: =M13*0.0254 -> 0.9906 | G13: B | J13: 4 | L13: 6 | M13: 39 | O13: =0.251*(IF(J13=1,0.7,IF(J13=2,0.58,IF(J13=3,0.62,IF(J13=4,0.45,0.55))))*E13/10*F13)^0.916 -> 0.14808609 | P13: =O13*IF(G13="A",1,IF(G13="B",0.9,IF(G13="C",0.75,0.5))) -> 0.13327748 | R13: =IF(G13="A",1,IF(G13="B",0.9,IF(G13="C",0.75,0.5))) -> 0.9 | T13: =STANDARDIZE(R13,$R$38,$R$39) -> 0.98473193
B14: 207 | C14: =IF(J14=1,"බේරිය",IF(J14=2,"මණ්ඩ",IF(J14=3,"කඩොල්",IF(J14=4,"තෙලකීරිය","හීන් කඩොල්/ ඇවරි කඩොල්")))) -> තෙලකීරිය | D14: =IF(J14=1,"Lumitzera racemosa",IF(J14=2,"Avicenia marina",IF(J14=3,"Rhizophora spp.",IF(J14=4,"Excoecaria agallocha","Aegiceras corniculatum")))) -> Excoecaria agallocha | E14: 37.63 | F14: =M14*0.0254 -> 1.397 | G14: B | J14: 4 | L14: 8 | M14: 55 | O14: =0.251*(IF(J14=1,0.7,IF(J14=2,0.58,IF(J14=3,0.62,IF(J14=4,0.45,0.55))))*E14/10*F14)^0.916 -> 0.55233891 | P14: =O14*IF(G14="A",1,IF(G14="B",0.9,IF(G14="C",0.75,0.5))) -> 0.49710502 | R14: =IF(G14="A",1,IF(G14="B",0.9,IF(G14="C",0.75,0.5))) -> 0.9 | T14: =STANDARDIZE(R14,$R$38,$R$39) -> 0.98473193
B15: 208 | C15: =IF(J15=1,"බේරිය",IF(J15=2,"මණ්ඩ",IF(J15=3,"කඩොල්",IF(J15=4,"තෙලකීරිය","හීන් කඩොල්/ ඇවරි කඩොල්")))) -> තෙලකීරිය | D15: =IF(J15=1,"Lumitzera racemosa",IF(J15=2,"Avicenia marina",IF(J15=3,"Rhizophora spp.",IF(J15=4,"Excoecaria agallocha","Aegiceras corniculatum")))) -> Excoecaria agallocha | E15: 12.19 | F15: =M15*0.0254 -> 0.7112 | G15: B | J15: 4 | L15: 5 | M15: 28 | O15: =0.251*(IF(J15=1,0.7,IF(J15=2,0.58,IF(J15=3,0.62,IF(J15=4,0.45,0.55))))*E15/10*F15)^0.916 -> 0.1059791 | P15: =O15*IF(G15="A",1,IF(G15="B",0.9,IF(G15="C",0.75,0.5))) -> 0.095381188 | R15: =IF(G15="A",1,IF(G15="B",0.9,IF(G15="C",0.75,0.5))) -> 0.9 | T15: =STANDARDIZE(R15,$R$38,$R$39) -> 0.98473193
B16: 209 | C16: =IF(J16=1,"බේරිය",IF(J16=2,"මණ්ඩ",IF(J16=3,"කඩොල්",IF(J16=4,"තෙලකීරිය","හීන් කඩොල්/ ඇවරි කඩොල්")))) -> තෙලකීරිය | D16: =IF(J16=1,"Lumitzera racemosa",IF(J16=2,"Avicenia marina",IF(J16=3,"Rhizophora spp.",IF(J16=4,"Excoecaria agallocha","Aegiceras corniculatum")))) -> Excoecaria agallocha | E16: 41.31 | F16: =M16*0.0254 -> 1.143 | G16: B | J16: 4 | L16: 3 | M16: 45 | O16: =0.251*(IF(J16=1,0.7,IF(J16=2,0.58,IF(J16=3,0.62,IF(J16=4,0.45,0.55))))*E16/10*F16)^0.916 -> 0.50060282 | P16: =O16*IF(G16="A",1,IF(G16="B",0.9,IF(G16="C",0.75,0.5))) -> 0.45054254 | R16: =IF(G16="A",1,IF(G16="B",0.9,IF(G16="C",0.75,0.5))) -> 0.9 | T16: =STANDARDIZE(R16,$R$38,$R$39) -> 0.98473193
... B36: 229 | C36: =IF(J36=1,"බේරිය",IF(J36=2,"මණ්ඩ",IF(J36=3,"කඩොල්",IF(J36=4,"තෙලකීරිය","හීන් කඩොල්/ ඇවරි කඩොල්")))) -> තෙලකීරිය | D36: =IF(J36=1,"Lumitzera racemosa",IF(J36=2,"Avicenia marina",IF(J36=3,"Rhizophora spp.",IF(J36=4,"Excoecaria agallocha","Aegiceras corniculatum")))) -> Excoecaria agallocha | E36: 38.19 | F36: =M36*0.0254 -> 1.524 | G36: B | J36: 4 | L36: 1 | M36: 60 | O36: =0.251*(IF(J36=1,0.7,IF(J36=2,0.58,IF(J36=3,0.62,IF(J36=4,0.45,0.55))))*E36/10*F36)^0.916 -> 0.60631247 | P36: =O36*IF(G36="A",1,IF(G36="B",0.9,IF(G36="C",0.75,0.5))) -> 0.54568122 | R36: =IF(G36="A",1,IF(G36="B",0.9,IF(G36="C",0.75,0.5))) -> 0.9 | T36: =STANDARDIZE(R36,$R$38,$R$39) -> 0.98473193
O38: Total Adjusted AGB (Kg/plot) | P38: =SUM(P4:P36) -> 14.706278 | Q38: Avarage Tree Condition value | R38: =AVERAGE(R4:R36) -> 0.9
Q39: STDEV | R39: =STDEV(R4:R36) -> 5.6371841e-16
O41: Total Biomass = AGB + BGB = AGB × (1 + 0.24)
O42: Total Biomass | P42: =1.24*P38 -> 18.235785
O45: 1 kg of dry biomass = ~1.2 kg of oxygen produced annually
O46: O₂ Produced( kg O₂/year)≈ | P46: =1.2*P42 -> 21.882942
O49: CO₂ absorbed | P49: 1 kg biomass → ~1.83 kg CO₂/year
O50: CO₂ Sequestered( kg CO₂/year)≈ | P50: =1.83*P42 -> 33.371487

Sheet Plot 7
A1: Kalpitiya Mangrove Inventory
A2: Date:03/2025
A3: Plot No | B3: Tag No | C3: Common Name | D3: Scientific Name | E3: Grith(cm) | F3: Tree Height(m) | G3: Tree Condition(A-D) | H3: Presence of Flowers/Fruits | I3: GPS | J3: Photo Numbers | K3: sub branchers (sb) | L3: branchers(b) | M3: DBH(mm) | O3: ADG(kg/Tree) | P3: Adjusted AGB(for condition)(kg) | R3: Tree Condition Value | T3: Standadize Tree Condition
A4: 7 | B4: 240 | C4: =IF(J4=1,"බේරිය",IF(J4=2,"මණ්ඩ",IF(J4=3,"කඩොල්",IF(J4=4,"තෙලකීරිය","හීන් කඩොල්/ ඇවරි කඩොල්")))) -> බේරිය | D4: =IF(J4=1,"Lumitzera racemosa",IF(J4=2,"Avicenia marina",IF(J4=3,"Rhizophora spp.",IF(J4=4,"Excoecaria agallocha","Aegiceras corniculatum")))) -> Lumitzera racemosa | E4: 27 | F4: 3 | G4: B | J4: 1 | M4: =ROUND((E4/PI())*10,2) -> 85.94 | O4: =0.251*(IF(J4=1,0.7,IF(J4=2,0.58,IF(J4=3,0.62,IF(J4=4,0.45,0.55))))*M4/10*F4)^0.916 -> 3.5526264 | P4: =O4*IF(G4="A",1,IF(G4="B",0.9,IF(G4="C",0.75,0.5))) -> 3.1973637 | R4: =IF(G4="A",1,IF(G4="B",0.9,IF(G4="C",0.75,0.5))) -> 0.9 | T4: =STANDARDIZE(R4,$R$51,$R$52) -> 0.057295328
B5: 241 | E5: 37 | G5: B | M5: =ROUND((E5/PI())*10,2) -> 117.77 | O5: =0.251*(IF(J5=1,0.7,IF(J5=2,0.58,IF(J5=3,0.62,IF(J5=4,0.45,0.55))))*M5/10*F4)^0.916 -> 3.8015156 | P5: =O5*IF(G5="A",1,IF(G5="B",0.9,IF(G5="C",0.75,0.5))) -> 3.421364 | R5: =IF(G5="A",1,IF(G5="B",0.9,IF(G5="C",0.75,0.5))) -> 0.9 | T5: =STANDARDIZE(R5,$R$51,$R$52) -> 0.057295328
B6: 242 | E6: 28 | G6: B | M6: =ROUND((E6/PI())*10,2) -> 89.13 | O6: =0.251*(IF(J6=1,0.7,IF(J6=2,0.58,IF(J6=3,0.62,IF(J6=4,0.45,0.55))))*M6/10*F4)^0.916 -> 2.9451737 | P6: =O6*IF(G6="A",1,IF(G6="B",0.9,IF(G6="C",0.75,0.5))) -> 2.6506563 | R6: =IF(G6="A",1,IF(G6="B",0.9,IF(G6="C",0.75,0.5))) -> 0.9 | T6: =STANDARDIZE(R6,$R$51,$R$52) -> 0.057295328
B7: 243 | C7: =IF(J7=1,"බේරිය",IF(J7=2,"මණ්ඩ",IF(J7=3,"කඩොල්",IF(J7=4,"තෙලකීරිය","හීන් කඩොල්/ ඇවරි කඩොල්")))) -> මණ්ඩ | D7: =IF(J7=1,"Lumitzera racemosa",IF(J7=2,"Avicenia marina",IF(J7=3,"Rhizophora spp.",IF(J7=4,"Excoecaria agallocha","Aegiceras corniculatum")))) -> Avicenia marina | E7: 16 | F7: 3 | G7: B | J7: 2 | M7: =ROUND((E7/PI())*10,2) -> 50.93 | O7: =0.251*(IF(J7=1,0.7,IF(J7=2,0.58,IF(J7=3,0.62,IF(J7=4,0.45,0.55))))*M7/10*F7)^0.916 -> 1.8518454 | P7: =O7*IF(G7="A",1,IF(G7="B",0.9,IF(G7="C",0.75,0.5))) -> 1.6666608 | R7: =IF(G7="A",1,IF(G7="B",0.9,IF(G7="C",0.75,0.5))) -> 0.9 | T7: =STANDARDIZE(R7,$R$51,$R$52) -> 0.057295328
B8: 244 | E8: 28 | G8: B | M8: =ROUND((E8/PI())*10,2) -> 89.13 | O8: =0.251*(IF(J8=1,0.7,IF(J8=2,0.58,IF(J8=3,0.62,IF(J8=4,0.45,0.55))))*M8/10*F7)^0.916 -> 2.9451737 | P8: =O8*IF(G8="A",1,IF(G8="B",0.9,IF(G8="C",0.75,0.5))) -> 2.6506563 | R8: =IF(G8="A",1,IF(G8="B",0.9,IF(G8="C",0.75,0.5))) -> 0.9 | T8: =STANDARDIZE(R8,$R$51,$R$52) -> 0.057295328
B9: 245 | E9: 22 | G9: B | M9: =ROUND((E9/PI())*10,2) -> 70.03 | O9: =0.251*(IF(J9=1,0.7,IF(J9=2,0.58,IF(J9=3,0.62,IF(J9=4,0.45,0.55))))*M9/10*F7)^0.916 -> 2.3613985 | P9: =O9*IF(G9="A",1,IF(G9="B",0.9,IF(G9="C",0.75,0.5))) -> 2.1252586 | R9: =IF(G9="A",1,IF(G9="B",0.9,IF(G9="C",0.75,0.5))) -> 0.9 | T9: =STANDARDIZE(R9,$R$51,$R$52) -> 0.057295328
B10: 246 | E10: 24 | G10: B | M10: =ROUND((E10/PI())*10,2) -> 76.39 | O10: =0.251*(IF(J10=1,0.7,IF(J10=2,0.58,IF(J10=3,0.62,IF(J10=4,0.45,0.55))))*M10/10*F7)^0.916 -> 2.5571162 | P10: =O10*IF(G10="A",1,IF(G10="B",0.9,IF(G10="C",0.75,0.5))) -> 2.3014045 | R10: =IF(G10="A",1,IF(G10="B",0.9,IF(G10="C",0.75,0.5))) -> 0.9 | T10: =STANDARDIZE(R10,$R$51,$R$52) -> 0.057295328
B11: 247 | E11: 27 | G11: B | M11: =ROUND((E11/PI())*10,2) -> 85.94 | O11: =0.251*(IF(J11=1,0.7,IF(J11=2,0.58,IF(J11=3,0.62,IF(J11=4,0.45,0.55))))*M11/10*F7)^0.916 -> 2.848472 | P11: =O11*IF(G11="A",1,IF(G11="B",0.9,IF(G11="C",0.75,0.5))) -> 2.5636248 | R11: =IF(G11="A",1,IF(G11="B",0.9,IF(G11="C",0.75,0.5))) -> 0.9 | T11: =STANDARDIZE(R11,$R$51,$R$52) -> 0.057295328
B12: 248 | C12: =IF(J12=1,"බේරිය",IF(J12=2,"මණ්ඩ",IF(J12=3,"කඩොල්",IF(J12=4,"තෙලකීරිය","හීන් කඩොල්/ ඇවරි කඩොල්")))) -> බේරිය | D12: =IF(J12=1,"Lumitzera racemosa",IF(J12=2,"Avicenia marina",IF(J12=3,"Rhizophora spp.",IF(J12=4,"Excoecaria agallocha","Aegiceras corniculatum")))) -> Lumitzera racemosa | E12: 48 | F12: 3 | G12: B | J12: 1 | M12: =ROUND((E12/PI())*10,2) -> 152.79 | O12: =0.251*(IF(J12=1,0.7,IF(J12=2,0.58,IF(J12=3,0.62,IF(J12=4,0.45,0.55))))*M12/10*F12)^0.916 -> 6.0180744 | P12: =O12*IF(G12="A",1,IF(G12="B",0.9,IF(G12="C",0.75,0.5))) -> 5.416267 | R12: =IF(G12="A",1,IF(G12="B",0.9,IF(G12="C",0.75,0.5))) -> 0.9 | T12: =STANDARDIZE(R12,$R$51,$R$52) -> 0.057295328
B13: 249 | C13: =IF(J13=1,"බේරිය",IF(J13=2,"මණ්ඩ",IF(J13=3,"කඩොල්",IF(J13=4,"තෙලකීරිය","හීන් කඩොල්/ ඇවරි කඩොල්")))) -> බේරිය | D13: =IF(J13=1,"Lumitzera racemosa",IF(J13=2,"Avicenia marina",IF(J13=3,"Rhizophora spp.",IF(J13=4,"Excoecaria agallocha","Aegiceras corniculatum")))) -> Lumitzera racemosa | E13: 22.5 | F13: 2.5 | G13: B | J13: 1 | M13: =ROUND((E13/PI())*10,2) -> 71.62 | O13: =0.251*(IF(J13=1,0.7,IF(J13=2,0.58,IF(J13=3,0.62,IF(J13=4,0.45,0.55))))*M13/10*F13)^0.916 -> 2.5439467 | P13: =O13*IF(G13="A",1,IF(G13="B",0.9,IF(G13="C",0.75,0.5))) -> 2.289552 | R13: =IF(G13="A",1,IF(G13="B",0.9,IF(G13="C",0.75,0.5))) -> 0.9 | T13: =STANDARDIZE(R13,$R$51,$R$52) -> 0.057295328
B14: 250 | E14: 19 | G14: B | M14: =ROUND((E14/PI())*10,2) -> 60.48 | O14: =0.251*(IF(J14=1,0.7,IF(J14=2,0.58,IF(J14=3,0.62,IF(J14=4,0.45,0.55))))*M14/10*F13)^0.916 -> 1.7470904 | P14: =O14*IF(G14="A",1,IF(G14="B",0.9,IF(G14="C",0.75,0.5))) -> 1.5723814 | R14: =IF(G14="A",1,IF(G14="B",0.9,IF(G14="C",0.75,0.5))) -> 0.9 | T14: =STANDARDIZE(R14,$R$51,$R$52) -> 0.057295328
B15: 251 | E15: 19 | G15: B | M15: =ROUND((E15/PI())*10,2) -> 60.48 | O15: =0.251*(IF(J15=1,0.7,IF(J15=2,0.58,IF(J15=3,0.62,IF(J15=4,0.45,0.55))))*M15/10*F13)^0.916 -> 1.7470904 | P15: =O15*IF(G15="A",1,IF(G15="B",0.9,IF(G15="C",0.75,0.5))) -> 1.5723814 | R15: =IF(G15="A",1,IF(G15="B",0.9,IF(G15="C",0.75,0.5))) -> 0.9 | T15: =STANDARDIZE(R15,$R$51,$R$52) -> 0.057295328
B16: 252 | C16: =IF(J16=1,"බේරිය",IF(J16=2,"මණ්ඩ",IF(J16=3,"කඩොල්",IF(J16=4,"තෙලකීරිය","හීන් කඩොල්/ ඇවරි කඩොල්")))) -> තෙලකීරිය | D16: =IF(J16=1,"Lumitzera racemosa",IF(J16=2,"Avicenia marina",IF(J16=3,"Rhizophora spp.",IF(J16=4,"Excoecaria agallocha","Aegiceras corniculatum")))) -> Excoecaria agallocha | E16: 16.5 | F16: 2 | G16: B | J16: 4 | M16: =ROUND((E16/PI())*10,2) -> 52.52 | O16: =0.251*(IF(J16=1,0.7,IF(J16=2,0.58,IF(J16=3,0.62,IF(J16=4,0.45,0.55))))*M16/10*F16)^0.916 -> 1.0413034 | P16: =O16*IF(G16="A",1,IF(G16="B",0.9,IF(G16="C",0.75,0.5))) -> 0.93717309 | R16: =IF(G16="A",1,IF(G16="B",0.9,IF(G16="C",0.75,0.5))) -> 0.9 | T16: =STANDARDIZE(R16,$R$51,$R$52) -> 0.057295328
B17: 254 | C17: =IF(J17=1,"බේරිය",IF(J17=2,"මණ්ඩ",IF(J17=3,"කඩොල්",IF(J17=4,"තෙලකීරිය","හීන් කඩොල්/ ඇවරි කඩොල්")))) -> බේරිය | D17: =IF(J17=1,"Lumitzera racemosa",IF(J17=2,"Avicenia marina",IF(J17=3,"Rhizophora spp.",IF(J17=4,"Excoecaria agallocha","Aegiceras corniculatum")))) -> Lumitzera racemosa | E17: 19 | F17: 1.9 | G17: B | J17: 1 | M17: =ROUND((E17/PI())*10,2) -> 60.48 | O17: =0.251*(IF(J17=1,0.7,IF(J17=2,0.58,IF(J17=3,0.62,IF(J17=4,0.45,0.55))))*M17/10*F17)^0.916 -> 1.694643 | P17: =O17*IF(G17="A",1,IF(G17="B",0.9,IF(G17="C",0.75,0.5))) -> 1.5251787 | R17: =IF(G17="A",1,IF(G17="B",0.9,IF(G17="C",0.75,0.5))) -> 0.9 | T17: =STANDARDIZE(R17,$R$51,$R$52) -> 0.057295328
B18: 255 | C18: =IF(J18=1,"බේරිය",IF(J18=2,"මණ්ඩ",IF(J18=3,"කඩොල්",IF(J18=4,"තෙලකීරිය","හීන් කඩොල්/ ඇවරි කඩොල්")))) -> බේරිය | D18: =IF(J18=1,"Lumitzera racemosa",IF(J18=2,"Avicenia marina",IF(J18=3,"Rhizophora spp.",IF(J18=4,"Excoecaria agallocha","Aegiceras corniculatum")))) -> Lumitzera racemosa | E18: 19 | F18: 1.5 | G18: B | J18: 1 | M18: =ROUND((E18/PI())*10,2) -> 60.48 | O18: =0.251*(IF(J18=1,0.7,IF(J18=2,0.58,IF(J18=3,0.62,IF(J18=4,0.45,0.55))))*M18/10*F18)^0.916 -> 1.3647073 | P18: =O18*IF(G18="A",1,IF(G18="B",0.9,IF(G18="C",0.75,0.5))) -> 1.2282366 | R18: =IF(G18="A",1,IF(G18="B",0.9,IF(G18="C",0.75,0.5))) -> 0.9 | T18: =STANDARDIZE(R18,$R$51,$R$52) -> 0.057295328
B19: 256 | C19: =IF(J19=1,"බේරිය",IF(J19=2,"මණ්ඩ",IF(J19=3,"කඩොල්",IF(J19=4,"තෙලකීරිය","හීන් කඩොල්/ ඇවරි කඩොල්")))) -> බේරිය | D19: =IF(J19=1,"Lumitzera racemosa",IF(J19=2,"Avicenia marina",IF(J19=3,"Rhizophora spp.",IF(J19=4,"Excoecaria agallocha","Aegiceras corniculatum")))) -> Lumitzera racemosa | E19: 23 | F19: 2 | G19: B | J19: 1 | M19: =ROUND((E19/PI())*10,2) -> 73.21 | O19: =0.251*(IF(J19=1,0.7,IF(J19=2,0.58,IF(J19=3,0.62,IF(J19=4,0.45,0.55))))*M19/10*F19)^0.916 -> 2.1157946 | P19: =O19*IF(G19="A",1,IF(G19="B",0.9,IF(G19="C",0.75,0.5))) -> 1.9042151 | R19: =IF(G19="A",1,IF(G19="B",0.9,IF(G19="C",0.75,0.5))) -> 0.9 | T19: =STANDARDIZE(R19,$R$51,$R$52) -> 0.057295328
B20: 257 | C20: =IF(J20=1,"බේරිය",IF(J20=2,"මණ්ඩ",IF(J20=3,"කඩොල්",IF(J20=4,"තෙලකීරිය","හීන් කඩොල්/ ඇවරි කඩොල්")))) -> තෙලකීරිය | D20: =IF(J20=1,"Lumitzera racemosa",IF(J20=2,"Avicenia marina",IF(J20=3,"Rhizophora spp.",IF(J20=4,"Excoecaria agallocha","Aegiceras corniculatum")))) -> Excoecaria agallocha | E20: 17 | F20: 1 | G20: B | J20: 4 | M20: =ROUND((E20/PI())*10,2) -> 54.11 | O20: =0.251*(IF(J20=1,0.7,IF(J20=2,0.58,IF(J20=3,0.62,IF(J20=4,0.45,0.55))))*M20/10*F20)^0.916 -> 0.56715087 | P20: =O20*IF(G20="A",1,IF(G20="B",0.9,IF(G20="C",0.75,0.5))) -> 0.51043579 | R20: =IF(G20="A",1,IF(G20="B",0.9,IF(G20="C",0.75,0.5))) -> 0.9 | T20: =STANDARDIZE(R20,$R$51,$R$52) -> 0.057295328
B21: 258 | C21: =IF(J21=1,"බේරිය",IF(J21=2,"මණ්ඩ",IF(J21=3,"කඩොල්",IF(J21=4,"තෙලකීරිය","හීන් කඩොල්/ ඇවරි කඩොල්")))) -> මණ්ඩ | D21: =IF(J21=1,"Lumitzera racemosa",IF(J21=2,"Avicenia marina",IF(J21=3,"Rhizophora spp.",IF(J21=4,"Excoecaria agallocha","Aegiceras corniculatum")))) -> Avicenia marina | E21: 18 | F21: 3 | G21: C | J21: 2 | M21: =ROUND((E21/PI())*10,2) -> 57.3 | O21: =0.251*(IF(J21=1,0.7,IF(J21=2,0.58,IF(J21=3,0.62,IF(J21=4,0.45,0.55))))*M21/10*F21)^0.916 -> 2.0629394 | P21: =O21*IF(G21="A",1,IF(G21="B",0.9,IF(G21="C",0.75,0.5))) -> 1.5472045 | R21: =IF(G21="A",1,IF(G21="B",0.9,IF(G21="C",0.75,0.5))) -> 0.75 | T21: =STANDARDIZE(R21,$R$51,$R$52) -> -3.8960823
B22: 259 | C22: =IF(J22=1,"බේරිය",IF(J22=2,"මණ්ඩ",IF(J22=3,"කඩොල්",IF(J22=4,"තෙලකීරිය","හීන් කඩොල්/ ඇවරි කඩොල්")))) -> තෙලකීරිය | D22: =IF(J22=1,"Lumitzera racemosa",IF(J22=2,"Avicenia marina",IF(J22=3,"Rhizophora spp.",IF(J22=4,"Excoecaria agallocha","Aegiceras corniculatum")))) -> Excoecaria agallocha | E22: 20 | F22: 3 | G22: B | J22: 4 | M22: =ROUND((E22/PI())*10,2) -> 63.66 | O22: =0.251*(IF(J22=1,0.7,IF(J22=2,0.58,IF(J22=3,0.62,IF(J22=4,0.45,0.55))))*M22/10*F22)^0.916 -> 1.8005338 | P22: =O22*IF(G22="A",1,IF(G22="B",0.9,IF(G22="C",0.75,0.5))) -> 1.6204805 | R22: =IF(G22="A",1,IF(G22="B",0.9,IF(G22="C",0.75,0.5))) -> 0.9 | T22: =STANDARDIZE(R22,$R$51,$R$52) -> 0.057295328
B23: 260 | C23: =IF(J23=1,"බේරිය",IF(J23=2,"මණ්ඩ",IF(J23=3,"කඩොල්",IF(J23=4,"තෙලකීරිය","හීන් කඩොල්/ ඇවරි කඩොල්")))) -> තෙලකීරිය | D23: =IF(J23=1,"Lumitzera racemosa",IF(J23=2,"Avicenia marina",IF(J23=3,"Rhizophora spp.",IF(J23=4,"Excoecaria agallocha","Aegiceras corniculatum")))) -> Excoecaria agallocha | E23: 22 | F23: 2 | G23: B | J23: 4 | M23: =ROUND((E23/PI())*10,2) -> 70.03 | O23: =0.251*(IF(J23=1,0.7,IF(J23=2,0.58,IF(J23=3,0.62,IF(J23=4,0.45,0.55))))*M23/10*F23)^0.916 -> 1.3553146 | P23: =O23*IF(G23="A",1,IF(G23="B",0.9,IF(G23="C",0.75,0.5))) -> 1.2197831 | R23: =IF(G23="A",1,IF(G23="B",0.9,IF(G23="C",0.75,0.5))) -> 0.9 | T23: =STANDARDIZE(R23,$R$51,$R$52) -> 0.057295328
B24: 261 | C24: =IF(J24=1,"බේරිය",IF(J24=2,"මණ්ඩ",IF(J24=3,"කඩොල්",IF(J24=4,"තෙලකීරිය","හීන් කඩොල්/ ඇවරි කඩොල්")))) -> තෙලකීරිය | D24: =IF(J24=1,"Lumitzera racemosa",IF(J24=2,"Avicenia marina",IF(J24=3,"Rhizophora spp.",IF(J24=4,"Excoecaria agallocha","Aegiceras corniculatum")))) -> Excoecaria agallocha | E24: 31 | F24: 2.5 | G24: B | J24: 4 | M24: =ROUND((E24/PI())*10,2) -> 98.68 | O24: =0.251*(IF(J24=1,0.7,IF(J24=2,0.58,IF(J24=3,0.62,IF(J24=4,0.45,0.55))))*M24/10*F24)^0.916 -> 2.2763725 | P24: =O24*IF(G24="A",1,IF(G24="B",0.9,IF(G24="C",0.75,0.5))) -> 2.0487352 | R24: =IF(G24="A",1,IF(G24="B",0.9,IF(G24="C",0.75,0.5))) -> 0.9 | T24: =STANDARDIZE(R24,$R$51,$R$52) -> 0.057295328
B25: 262 | C25: =IF(J25=1,"බේරිය",IF(J25=2,"මණ්ඩ",IF(J25=3,"කඩොල්",IF(J25=4,"තෙලකීරිය","හීන් කඩොල්/ ඇවරි කඩොල්")))) -> මණ්ඩ | D25: =IF(J25=1,"Lumitzera racemosa",IF(J25=2,"Avicenia marina",IF(J25=3,"Rhizophora spp.",IF(J25=4,"Excoecaria agallocha","Aegiceras corniculatum")))) -> Avicenia marina | E25: 20.5 | F25: 3.5 | G25: A | J25: 2 | M25: =ROUND((E25/PI())*10,2) -> 65.25 | O25: =0.251*(IF(J25=1,0.7,IF(J25=2,0.58,IF(J25=3,0.62,IF(J25=4,0.45,0.55))))*M25/10*F25)^0.916 -> 2.67606 | P25: =O25*IF(G25="A",1,IF(G25="B",0.9,IF(G25="C",0.75,0.5))) -> 2.67606 | R25: =IF(G25="A",1,IF(G25="B",0.9,IF(G25="C",0.75,0.5))) -> 1 | T25: =STANDARDIZE(R25,$R$51,$R$52) -> 2.6928804
B26: 263 | C26: =IF(J26=1,"බේරිය",IF(J26=2,"මණ්ඩ",IF(J26=3,"කඩොල්",IF(J26=4,"තෙලකීරිය","හීන් කඩොල්/ ඇවරි කඩොල්")))) -> බේරිය | D26: =IF(J26=1,"Lumitzera racemosa",IF(J26=2,"Avicenia marina",IF(J26=3,"Rhizophora spp.",IF(J26=4,"Excoecaria agallocha","Aegiceras corniculatum")))) -> Lumitzera racemosa | E26: 23 | F26: 2.5 | G26: B | J26: 1 | M26: =ROUND((E26/PI())*10,2) -> 73.21 | O26: =0.251*(IF(J26=1,0.7,IF(J26=2,0.58,IF(J26=3,0.62,IF(J26=4,0.45,0.55))))*M26/10*F26)^0.916 -> 2.5956317 | P26: =O26*IF(G26="A",1,IF(G26="B",0.9,IF(G26="C",0.75,0.5))) -> 2.3360685 | R26: =IF(G26="A",1,IF(G26="B",0.9,IF(G26="C",0.75,0.5))) -> 0.9 | T26: =STANDARDIZE(R26,$R$51,$R$52) -> 0.057295328
B27: 264 | C27: =IF(J27=1,"බේරිය",IF(J27=2,"මණ්ඩ",IF(J27=3,"කඩොල්",IF(J27=4,"තෙලකීරිය","හීන් කඩොල්/ ඇවරි කඩොල්")))) -> බේරිය | D27: =IF(J27=1,"Lumitzera racemosa",IF(J27=2,"Avicenia marina",IF(J27=3,"Rhizophora spp.",IF(J27=4,"Excoecaria agallocha","Aegiceras corniculatum")))) -> Lumitzera racemosa | E27: 16 | F27: 1.5 | G27: B | J27: 1 | M27: =ROUND((E27/PI())*10,2) -> 50.93 | O27: =0.251*(IF(J27=1,0.7,IF(J27=2,0.58,IF(J27=3,0.62,IF(J27=4,0.45,0.55))))*M27/10*F27)^0.916 -> 1.1659261 | P27: =O27*IF(G27="A",1,IF(G27="B",0.9,IF(G27="C",0.75,0.5))) -> 1.0493334 | R27: =IF(G27="A",1,IF(G27="B",0.9,IF(G27="C",0.75,0.5))) -> 0.9 | T27: =STANDARDIZE(R27,$R$51,$R$52) -> 0.057295328
... B32: 269 | C32: =IF(J32=1,"බේරිය",IF(J32=2,"මණ්ඩ",IF(J32=3,"කඩොල්",IF(J32=4,"තෙලකීරිය","හීන් කඩොල්/ ඇවරි කඩොල්")))) -> මණ්ඩ | D32: =IF(J32=1,"Lumitzera racemosa",IF(J32=2,"Avicenia marina",IF(J32=3,"Rhizophora spp.",IF(J32=4,"Excoecaria agallocha","Aegiceras corniculatum")))) -> Avicenia marina | E32: 16 | F32: 4 | G32: B | J32: 2 | M32: =ROUND((E32/PI())*10,2) -> 50.93 | O32: =0.251*(IF(J32=1,0.7,IF(J32=2,0.58,IF(J32=3,0.62,IF(J32=4,0.45,0.55))))*M32/10*F32)^0.916 -> 2.4101751 | P32: =O32*IF(G32="A",1,IF(G32="B",0.9,IF(G32="C",0.75,0.5))) -> 2.1691576 | R32: =IF(G32="A",1,IF(G32="B",0.9,IF(G32="C",0.75,0.5))) -> 0.9 | T32: =STANDARDIZE(R32,$R$51,$R$52) -> 0.057295328
B33: 270 | C33: =IF(J33=1,"බේරිය",IF(J33=2,"මණ්ඩ",IF(J33=3,"කඩොල්",IF(J33=4,"තෙලකීරිය","හීන් කඩොල්/ ඇවරි කඩොල්")))) -> හීන් කඩොල්/ ඇවරි කඩොල් | D33: =IF(J33=1,"Lumitzera racemosa",IF(J33=2,"Avicenia marina",IF(J33=3,"Rhizophora spp.",IF(J33=4,"Excoecaria agallocha","Aegiceras corniculatum")))) -> Aegiceras corniculatum | E33: 50 | G33: B | M33: =ROUND((E33/PI())*10,2) -> 159.15 | O33: =0.251*(IF(J33=1,0.7,IF(J33=2,0.58,IF(J33=3,0.62,IF(J33=4,0.45,0.55))))*M33/10*F32)^0.916 -> 6.5191021 | P33: =O33*IF(G33="A",1,IF(G33="B",0.9,IF(G33="C",0.75,0.5))) -> 5.8671919 | R33: =IF(G33="A",1,IF(G33="B",0.9,IF(G33="C",0.75,0.5))) -> 0.9 | T33: =STANDARDIZE(R33,$R$51,$R$52) -> 0.057295328
B34: 271 | C34: =IF(J34=1,"බේරිය",IF(J34=2,"මණ්ඩ",IF(J34=3,"කඩොල්",IF(J34=4,"තෙලකීරිය","හීන් කඩොල්/ ඇවරි කඩොල්")))) -> බේරිය | D34: =IF(J34=1,"Lumitzera racemosa",IF(J34=2,"Avicenia marina",IF(J34=3,"Rhizophora spp.",IF(J34=4,"Excoecaria agallocha","Aegiceras corniculatum")))) -> Lumitzera racemosa | E34: 21 | F34: 2 | G34: B | J34: 1 | M34: =ROUND((E34/PI())*10,2) -> 66.85 | O34: =0.251*(IF(J34=1,0.7,IF(J34=2,0.58,IF(J34=3,0.62,IF(J34=4,0.45,0.55))))*M34/10*F34)^0.916 -> 1.9467935 | P34: =O34*IF(G34="A",1,IF(G34="B",0.9,IF(G34="C",0.75,0.5))) -> 1.7521142 | R34: =IF(G34="A",1,IF(G34="B",0.9,IF(G34="C",0.75,0.5))) -> 0.9 | T34: =STANDARDIZE(R34,$R$51,$R$52) -> 0.057295328
B35: 272 | E35: 16 | G35: B | M35: =ROUND((E35/PI())*10,2) -> 50.93 | O35: =0.251*(IF(J35=1,0.7,IF(J35=2,0.58,IF(J35=3,0.62,IF(J35=4,0.45,0.55))))*M35/10*F34)^0.916 -> 1.2166826 | P35: =O35*IF(G35="A",1,IF(G35="B",0.9,IF(G35="C",0.75,0.5))) -> 1.0950144 | R35: =IF(G35="A",1,IF(G35="B",0.9,IF(G35="C",0.75,0.5))) -> 0.9 | T35: =STANDARDIZE(R35,$R$51,$R$52) -> 0.057295328
B36: 273 | E36: 18 | G36: B | M36: =ROUND((E36/PI())*10,2) -> 57.3 | O36: =0.251*(IF(J36=1,0.7,IF(J36=2,0.58,IF(J36=3,0.62,IF(J36=4,0.45,0.55))))*M36/10*F34)^0.916 -> 1.3553737 | P36: =O36*IF(G36="A",1,IF(G36="B",0.9,IF(G36="C",0.75,0.5))) -> 1.2198363 | R36: =IF(G36="A",1,IF(G36="B",0.9,IF(G36="C",0.75,0.5))) -> 0.9 | T36: =STANDARDIZE(R36,$R$51,$R$52) -> 0.057295328
B37: 274 | C37: =IF(J37=1,"බේරිය",IF(J37=2,"මණ්ඩ",IF(J37=3,"කඩොල්",IF(J37=4,"තෙලකීරිය","හීන් කඩොල්/ ඇවරි කඩොල්")))) -> තෙලකීරිය | D37: =IF(J37=1,"Lumitzera racemosa",IF(J37=2,"Avicenia marina",IF(J37=3,"Rhizophora spp.",IF(J37=4,"Excoecaria agallocha","Aegiceras corniculatum")))) -> Excoecaria agallocha | E37: 17 | F37: 2 | G37: B | J37: 4 | M37: =ROUND((E37/PI())*10,2) -> 54.11 | O37: =0.251*(IF(J37=1,0.7,IF(J37=2,0.58,IF(J37=3,0.62,IF(J37=4,0.45,0.55))))*M37/10*F37)^0.916 -> 1.0701437 | P37: =O37*IF(G37="A",1,IF(G37="B",0.9,IF(G37="C",0.75,0.5))) -> 0.96312929 | R37: =IF(G37="A",1,IF(G37="B",0.9,IF(G37="C",0.75,0.5))) -> 0.9 | T37: =STANDARDIZE(R37,$R$51,$R$52) -> 0.057295328
B38: 275 | C38: =IF(J38=1,"බේරිය",IF(J38=2,"මණ්ඩ",IF(J38=3,"කඩොල්",IF(J38=4,"තෙලකීරිය","හීන් කඩොල්/ ඇවරි කඩොල්")))) -> බේරිය | D38: =IF(J38=1,"Lumitzera racemosa",IF(J38=2,"Avicenia marina",IF(J38=3,"Rhizophora spp.",IF(J38=4,"Excoecaria agallocha","Aegiceras corniculatum")))) -> Lumitzera racemosa | E38: 25 | F38: 2.5 | G38: B | J38: 1 | M38: =ROUND((E38/PI())*10,2) -> 79.58 | O38: =0.251*(IF(J38=1,0.7,IF(J38=2,0.58,IF(J38=3,0.62,IF(J38=4,0.45,0.55))))*M38/10*F38)^0.916 -> 2.8017732 | P38: =O38*IF(G38="A",1,IF(G38="B",0.9,IF(G38="C",0.75,0.5))) -> 2.5215959 | R38: =IF(G38="A",1,IF(G38="B",0.9,IF(G38="C",0.75,0.5))) -> 0.9 | T38: =STANDARDIZE(R38,$R$51,$R$52) -> 0.057295328
B39: 276 | C39: =IF(J39=1,"බේරිය",IF(J39=2,"මණ්ඩ",IF(J39=3,"කඩොල්",IF(J39=4,"තෙලකීරිය","හීන් කඩොල්/ ඇවරි කඩොල්")))) -> මණ්ඩ | D39: =IF(J39=1,"Lumitzera racemosa",IF(J39=2,"Avicenia marina",IF(J39=3,"Rhizophora spp.",IF(J39=4,"Excoecaria agallocha","Aegiceras corniculatum")))) -> Avicenia marina | E39: 16 | F39: 2.5 | G39: B | J39: 2 | M39: =ROUND((E39/PI())*10,2) -> 50.93 | O39: =0.251*(IF(J39=1,0.7,IF(J39=2,0.58,IF(J39=3,0.62,IF(J39=4,0.45,0.55))))*M39/10*F39)^0.916 -> 1.5670206 | P39: =O39*IF(G39="A",1,IF(G39="B",0.9,IF(G39="C",0.75,0.5))) -> 1.4103185 | R39: =IF(G39="A",1,IF(G39="B",0.9,IF(G39="C",0.75,0.5))) -> 0.9 | T39: =STANDARDIZE(R39,$R$51,$R$52) -> 0.057295328
B40: 277 | C40: =IF(J40=1,"බේරිය",IF(J40=2,"මණ්ඩ",IF(J40=3,"කඩොල්",IF(J40=4,"තෙලකීරිය","හීන් කඩොල්/ ඇවරි කඩොල්")))) -> මණ්ඩ | D40: =IF(J40=1,"Lumitzera racemosa",IF(J40=2,"Avicenia marina",IF(J40=3,"Rhizophora spp.",IF(J40=4,"Excoecaria agallocha","Aegiceras corniculatum")))) -> Avicenia marina | E40: 24 | F40: 4 | G40: B | J40: 2 | M40: =ROUND((E40/PI())*10,2) -> 76.39 | O40: =0.251*(IF(J40=1,0.7,IF(J40=2,0.58,IF(J40=3,0.62,IF(J40=4,0.45,0.55))))*M40/10*F40)^0.916 -> 3.493994 | P40: =O40*IF(G40="A",1,IF(G40="B",0.9,IF(G40="C",0.75,0.5))) -> 3.1445946 | R40: =IF(G40="A",1,IF(G40="B",0.9,IF(G40="C",0.75,0.5))) -> 0.9 | T40: =STANDARDIZE(R40,$R$51,$R$52) -> 0.057295328
B41: 278 | C41: =IF(J41=1,"බේරිය",IF(J41=2,"මණ්ඩ",IF(J41=3,"කඩොල්",IF(J41=4,"තෙලකීරිය","හීන් කඩොල්/ ඇවරි කඩොල්")))) -> මණ්ඩ | D41: =IF(J41=1,"Lumitzera racemosa",IF(J41=2,"Avicenia marina",IF(J41=3,"Rhizophora spp.",IF(J41=4,"Excoecaria agallocha","Aegiceras corniculatum")))) -> Avicenia marina | E41: 23 | F41: 4 | G41: A | J41: 2 | M41: =ROUND((E41/PI())*10,2) -> 73.21 | O41: =0.251*(IF(J41=1,0.7,IF(J41=2,0.58,IF(J41=3,0.62,IF(J41=4,0.45,0.55))))*M41/10*F41)^0.916 -> 3.3605256 | P41: =O41*IF(G41="A",1,IF(G41="B",0.9,IF(G41="C",0.75,0.5))) -> 3.3605256 | R41: =IF(G41="A",1,IF(G41="B",0.9,IF(G41="C",0.75,0.5))) -> 1 | T41: =STANDARDIZE(R41,$R$51,$R$52) -> 2.6928804
B42: 279 | C42: =IF(J42=1,"බේරිය",IF(J42=2,"මණ්ඩ",IF(J42=3,"කඩොල්",IF(J42=4,"තෙලකීරිය","හීන් කඩොල්/ ඇවරි කඩොල්")))) -> බේරිය | D42: =IF(J42=1,"Lumitzera racemosa",IF(J42=2,"Avicenia marina",IF(J42=3,"Rhizophora spp.",IF(J42=4,"Excoecaria agallocha","Aegiceras corniculatum")))) -> Lumitzera racemosa | E42: 16 | F42: 3 | G42: B | J42: 1 | M42: =ROUND((E42/PI())*10,2) -> 50.93 | O42: =0.251*(IF(J42=1,0.7,IF(J42=2,0.58,IF(J42=3,0.62,IF(J42=4,0.45,0.55))))*M42/10*F42)^0.916 -> 2.1999585 | P42: =O42*IF(G42="A",1,IF(G42="B",0.9,IF(G42="C",0.75,0.5))) -> 1.9799626 | R42: =IF(G42="A",1,IF(G42="B",0.9,IF(G42="C",0.75,0.5))) -> 0.9 | T42: =STANDARDIZE(R42,$R$51,$R$52) -> 0.057295328
B43: 280 | C43: =IF(J43=1,"බේරිය",IF(J43=2,"මණ්ඩ",IF(J43=3,"කඩොල්",IF(J43=4,"තෙලකීරිය","හීන් කඩොල්/ ඇවරි කඩොල්")))) -> බේරිය | D43: =IF(J43=1,"Lumitzera racemosa",IF(J43=2,"Avicenia marina",IF(J43=3,"Rhizophora spp.",IF(J43=4,"Excoecaria agallocha","Aegiceras corniculatum")))) -> Lumitzera racemosa | E43: 28 | F43: 2.5 | G43: B | J43: 1 | M43: =ROUND((E43/PI())*10,2) -> 89.13 | O43: =0.251*(IF(J43=1,0.7,IF(J43=2,0.58,IF(J43=3,0.62,IF(J43=4,0.45,0.55))))*M43/10*F43)^0.916 -> 3.1082681 | P43: =O43*IF(G43="A",1,IF(G43="B",0.9,IF(G43="C",0.75,0.5))) -> 2.7974413 | R43: =IF(G43="A",1,IF(G43="B",0.9,IF(G43="C",0.75,0.5))) -> 0.9 | T43: =STANDARDIZE(R43,$R$51,$R$52) -> 0.057295328
B44: 281 | E44: 22 | G44: B | M44: =ROUND((E44/PI())*10,2) -> 70.03 | O44: =0.251*(IF(J44=1,0.7,IF(J44=2,0.58,IF(J44=3,0.62,IF(J44=4,0.45,0.55))))*M44/10*F43)^0.916 -> 1.9982014 | P44: =O44*IF(G44="A",1,IF(G44="B",0.9,IF(G44="C",0.75,0.5))) -> 1.7983812 | R44: =IF(G44="A",1,IF(G44="B",0.9,IF(G44="C",0.75,0.5))) -> 0.9 | T44: =STANDARDIZE(R44,$R$51,$R$52) -> 0.057295328
B45: 282 | E45: 26 | G45: B | M45: =ROUND((E45/PI())*10,2) -> 82.76 | O45: =0.251*(IF(J45=1,0.7,IF(J45=2,0.58,IF(J45=3,0.62,IF(J45=4,0.45,0.55))))*M45/10*F43)^0.916 -> 2.3285338 | P45: =O45*IF(G45="A",1,IF(G45="B",0.9,IF(G45="C",0.75,0.5))) -> 2.0956805 | R45: =IF(G45="A",1,IF(G45="B",0.9,IF(G45="C",0.75,0.5))) -> 0.9 | T45: =STANDARDIZE(R45,$R$51,$R$52) -> 0.057295328
B46: 283 | C46: =IF(J46=1,"බේරිය",IF(J46=2,"මණ්ඩ",IF(J46=3,"කඩොල්",IF(J46=4,"තෙලකීරිය","හීන් කඩොල්/ ඇවරි කඩොල්")))) -> බේරිය | D46: =IF(J46=1,"Lumitzera racemosa",IF(J46=2,"Avicenia marina",IF(J46=3,"Rhizophora spp.",IF(J46=4,"Excoecaria agallocha","Aegiceras corniculatum")))) -> Lumitzera racemosa | E46: 19 | F46: 2 | G46: B | J46: 1 | M46: =ROUND((E46/PI())*10,2) -> 60.48 | O46: =0.251*(IF(J46=1,0.7,IF(J46=2,0.58,IF(J46=3,0.62,IF(J46=4,0.45,0.55))))*M46/10*F46)^0.916 -> 1.7761654 | P46: =O46*IF(G46="A",1,IF(G46="B",0.9,IF(G46="C",0.75,0.5))) -> 1.5985488 | R46: =IF(G46="A",1,IF(G46="B",0.9,IF(G46="C",0.75,0.5))) -> 0.9 | T46: =STANDARDIZE(R46,$R$51,$R$52) -> 0.057295328
B47: 284 | E47: 17 | G47: B | M47: =ROUND((E47/PI())*10,2) -> 54.11 | O47: =0.251*(IF(J47=1,0.7,IF(J47=2,0.58,IF(J47=3,0.62,IF(J47=4,0.45,0.55))))*M47/10*F46)^0.916 -> 1.2860908 | P47: =O47*IF(G47="A",1,IF(G47="B",0.9,IF(G47="C",0.75,0.5))) -> 1.1574817 | R47: =IF(G47="A",1,IF(G47="B",0.9,IF(G47="C",0.75,0.5))) -> 0.9 | T47: =STANDARDIZE(R47,$R$51,$R$52) -> 0.057295328
B48: 285 | C48: =IF(J48=1,"බේරිය",IF(J48=2,"මණ්ඩ",IF(J48=3,"කඩොල්",IF(J48=4,"තෙලකීරිය","හීන් කඩොල්/ ඇවරි කඩොල්")))) -> බේරිය | D48: =IF(J48=1,"Lumitzera racemosa",IF(J48=2,"Avicenia marina",IF(J48=3,"Rhizophora spp.",IF(J48=4,"Excoecaria agallocha","Aegiceras corniculatum")))) -> Lumitzera racemosa | E48: 18 | F48: 2.5 | G48: B | J48: 1 | M48: =ROUND((E48/PI())*10,2) -> 57.3 | O48: =0.251*(IF(J48=1,0.7,IF(J48=2,0.58,IF(J48=3,0.62,IF(J48=4,0.45,0.55))))*M48/10*F48)^0.916 -> 2.0737968 | P48: =O48*IF(G48="A",1,IF(G48="B",0.9,IF(G48="C",0.75,0.5))) -> 1.8664172 | R48: =IF(G48="A",1,IF(G48="B",0.9,IF(G48="C",0.75,0.5))) -> 0.9 | T48: =STANDARDIZE(R48,$R$51,$R$52) -> 0.057295328
B49: 286 | C49: =IF(J49=1,"බේරිය",IF(J49=2,"මණ්ඩ",IF(J49=3,"කඩොල්",IF(J49=4,"තෙලකීරිය","හීන් කඩොල්/ ඇවරි කඩොල්")))) -> බේරිය | D49: =IF(J49=1,"Lumitzera racemosa",IF(J49=2,"Avicenia marina",IF(J49=3,"Rhizophora spp.",IF(J49=4,"Excoecaria agallocha","Aegiceras corniculatum")))) -> Lumitzera racemosa | E49: 17 | F49: 2.5 | G49: B | J49: 1 | M49: =ROUND((E49/PI())*10,2) -> 54.11 | O49: =0.251*(IF(J49=1,0.7,IF(J49=2,0.58,IF(J49=3,0.62,IF(J49=4,0.45,0.55))))*M49/10*F49)^0.916 -> 1.9677902 | P49: =O49*IF(G49="A",1,IF(G49="B",0.9,IF(G49="C",0.75,0.5))) -> 1.7710112 | R49: =IF(G49="A",1,IF(G49="B",0.9,IF(G49="C",0.75,0.5))) -> 0.9 | T49: =STANDARDIZE(R49,$R$51,$R$52) -> 0.057295328
O51: Total Adjusted AGB (Kg/plot) | P51: =SUM(P4:P49) -> 98.033616 | Q51: Avarage Tree Condition value | R51: =AVERAGE(R4:R49) -> 0.89782609
Q52: STDEV | R52: =STDEV(R4:R49) -> 0.037942239
O54: Total Biomass = AGB + BGB = AGB × (1 + 0.24)
D55: *In plot no.5 & 7 plants with girth more than 15 cm is measured | O55: Total Biomass | P55: =1.24*P51 -> 121.56168
D56: *For plot no.5 & 7 sub branches (sb) and branches (b) were not coutered as all most all have only one 'sb' and many 'b' s .
O58: 1 kg of dry biomass = ~1.2 kg of oxygen produced annually
O59: O₂ Produced( kg O₂/year)≈ | P59: =1.2*P55 -> 145.87402
O62: CO₂ absorbed | P62: 1 kg biomass → ~1.83 kg CO₂/year
O63: CO₂ Sequestered( kg CO₂/year)≈ | P63: =1.83*P55 -> 222.45788

Sheet Plot 8
A1: Kalpitiya Mangrove Inventory
A2: Date:03/2025
A3: Plot No | B3: Tag No | C3: Common Name | D3: Scientific Name | E3: DBH(mm) | F3: Tree Height(m) | G3: Tree Condition(A-D) | H3: Presence of Flowers/Fruits | I3: GPS | J3: Photo Numbers | K3: sub branchers (sb) | L3: branchers(b) | O3: ADG(kg/Tree) | P3: Adjusted AGB(for condition)(kg) | R3: Tree Condition Value | T3: Standadize Tree Condition
A4: 8 | B4: 287 | C4: =IF(J4=1,"බේරිය",IF(J4=2,"මණ්ඩ",IF(J4=3,"කඩොල්",IF(J4=4,"තෙලකීරිය","හීන් කඩොල්/ ඇවරි කඩොල්")))) -> බේරිය | D4: =IF(J4=1,"Lumitzera racemosa",IF(J4=2,"Avicenia marina",IF(J4=3,"Rhizophora spp.",IF(J4=4,"Excoecaria agallocha","Aegiceras corniculatum")))) -> Lumitzera racemosa | E4: 10.74 | F4: 0.69 | G4: A | J4: 1 | K4: 4 | L4: 9 | O4: =0.251*(IF(J4=1,0.7,IF(J4=2,0.58,IF(J4=3,0.62,IF(J4=4,0.45,0.55))))*E4/10*F4)^0.916 -> 0.13758441 | P4: =O4*IF(G4="A",1,IF(G4="B",0.9,IF(G4="C",0.75,0.5))) -> 0.13758441 | R4: =IF(G4="A",1,IF(G4="B",0.9,IF(G4="C",0.75,0.5))) -> 1 | T4: =STANDARDIZE(R4,$R$29,$R$30) -> 0.5335638
B5: 288 | C5: =IF(J5=1,"බේරිය",IF(J5=2,"මණ්ඩ",IF(J5=3,"කඩොල්",IF(J5=4,"තෙලකීරිය","හීන් කඩොල්/ ඇවරි කඩොල්")))) -> බේරිය | D5: =IF(J5=1,"Lumitzera racemosa",IF(J5=2,"Avicenia marina",IF(J5=3,"Rhizophora spp.",IF(J5=4,"Excoecaria agallocha","Aegiceras corniculatum")))) -> Lumitzera racemosa | E5: 8.04 | F5: 0.54 | G5: A | J5: 1 | K5: 9 | L5: 3 | O5: =0.251*(IF(J5=1,0.7,IF(J5=2,0.58,IF(J5=3,0.62,IF(J5=4,0.45,0.55))))*E5/10*F5)^0.916 -> 0.084308381 | P5: =O5*IF(G5="A",1,IF(G5="B",0.9,IF(G5="C",0.75,0.5))) -> 0.084308381 | R5: =IF(G5="A",1,IF(G5="B",0.9,IF(G5="C",0.75,0.5))) -> 1 | T5: =STANDARDIZE(R5,$R$29,$R$30) -> 0.5335638
B6: 289 | C6: =IF(J6=1,"බේරිය",IF(J6=2,"මණ්ඩ",IF(J6=3,"කඩොල්",IF(J6=4,"තෙලකීරිය","හීන් කඩොල්/ ඇවරි කඩොල්")))) -> බේරිය | D6: =IF(J6=1,"Lumitzera racemosa",IF(J6=2,"Avicenia marina",IF(J6=3,"Rhizophora spp.",IF(J6=4,"Excoecaria agallocha","Aegiceras corniculatum")))) -> Lumitzera racemosa | E6: 10.56 | F6: 0.88 | G6: A | J6: 1 | K6: 8 | L6: 12 | O6: =0.251*(IF(J6=1,0.7,IF(J6=2,0.58,IF(J6=3,0.62,IF(J6=4,0.45,0.55))))*E6/10*F6)^0.916 -> 0.16928006 | P6: =O6*IF(G6="A",1,IF(G6="B",0.9,IF(G6="C",0.75,0.5))) -> 0.16928006 | R6: =IF(G6="A",1,IF(G6="B",0.9,IF(G6="C",0.75,0.5))) -> 1 | T6: =STANDARDIZE(R6,$R$29,$R$30) -> 0.5335638
B7: 290 | C7: =IF(J7=1,"බේරිය",IF(J7=2,"මණ්ඩ",IF(J7=3,"කඩොල්",IF(J7=4,"තෙලකීරිය","හීන් කඩොල්/ ඇවරි කඩොල්")))) -> තෙලකීරිය | D7: =IF(J7=1,"Lumitzera racemosa",IF(J7=2,"Avicenia marina",IF(J7=3,"Rhizophora spp.",IF(J7=4,"Excoecaria agallocha","Aegiceras corniculatum")))) -> Excoecaria agallocha | E7: 8.86 | F7: 0.62 | G7: A | J7: 4 | K7: 2 | L7: 3 | O7: =0.251*(IF(J7=1,0.7,IF(J7=2,0.58,IF(J7=3,0.62,IF(J7=4,0.45,0.55))))*E7/10*F7)^0.916 -> 0.069774456 | P7: =O7*IF(G7="A",1,IF(G7="B",0.9,IF(G7="C",0.75,0.5))) -> 0.069774456 | R7: =IF(G7="A",1,IF(G7="B",0.9,IF(G7="C",0.75,0.5))) -> 1 | T7: =STANDARDIZE(R7,$R$29,$R$30) -> 0.5335638
B8: 291 | C8: =IF(J8=1,"බේරිය",IF(J8=2,"මණ්ඩ",IF(J8=3,"කඩොල්",IF(J8=4,"තෙලකීරිය","හීන් කඩොල්/ ඇවරි කඩොල්")))) -> මණ්ඩ | D8: =IF(J8=1,"Lumitzera racemosa",IF(J8=2,"Avicenia marina",IF(J8=3,"Rhizophora spp.",IF(J8=4,"Excoecaria agallocha","Aegiceras corniculatum")))) -> Avicenia marina | E8: 12.32 | F8: 0.5 | G8: A | J8: 2 | K8: 1 | L8: 3 | O8: =0.251*(IF(J8=1,0.7,IF(J8=2,0.58,IF(J8=3,0.62,IF(J8=4,0.45,0.55))))*E8/10*F8)^0.916 -> 0.097775421 | P8: =O8*IF(G8="A",1,IF(G8="B",0.9,IF(G8="C",0.75,0.5))) -> 0.097775421 | R8: =IF(G8="A",1,IF(G8="B",0.9,IF(G8="C",0.75,0.5))) -> 1 | T8: =STANDARDIZE(R8,$R$29,$R$30) -> 0.5335638
B9: 292 | C9: =IF(J9=1,"බේරිය",IF(J9=2,"මණ්ඩ",IF(J9=3,"කඩොල්",IF(J9=4,"තෙලකීරිය","හීන් කඩොල්/ ඇවරි කඩොල්")))) -> බේරිය | D9: =IF(J9=1,"Lumitzera racemosa",IF(J9=2,"Avicenia marina",IF(J9=3,"Rhizophora spp.",IF(J9=4,"Excoecaria agallocha","Aegiceras corniculatum")))) -> Lumitzera racemosa | E9: 13.73 | F9: 0.63 | G9: A | J9: 1 | K9: 4 | L9: 7 | O9: =0.251*(IF(J9=1,0.7,IF(J9=2,0.58,IF(J9=3,0.62,IF(J9=4,0.45,0.55))))*E9/10*F9)^0.916 -> 0.15852059 | P9: =O9*IF(G9="A",1,IF(G9="B",0.9,IF(G9="C",0.75,0.5))) -> 0.15852059 | R9: =IF(G9="A",1,IF(G9="B",0.9,IF(G9="C",0.75,0.5))) -> 1 | T9: =STANDARDIZE(R9,$R$29,$R$30) -> 0.5335638
B10: 293 | C10: =IF(J10=1,"බේරිය",IF(J10=2,"මණ්ඩ",IF(J10=3,"කඩොල්",IF(J10=4,"තෙලකීරිය","හීන් කඩොල්/ ඇවරි කඩොල්")))) -> තෙලකීරිය | D10: =IF(J10=1,"Lumitzera racemosa",IF(J10=2,"Avicenia marina",IF(J10=3,"Rhizophora spp.",IF(J10=4,"Excoecaria agallocha","Aegiceras corniculatum")))) -> Excoecaria agallocha | E10: 34.96 | F10: 1.2 | G10: A | J10: 4 | K10: 1 | L10: 17 | O10: =0.251*(IF(J10=1,0.7,IF(J10=2,0.58,IF(J10=3,0.62,IF(J10=4,0.45,0.55))))*E10/10*F10)^0.916 -> 0.4492187 | P10: =O10*IF(G10="A",1,IF(G10="B",0.9,IF(G10="C",0.75,0.5))) -> 0.4492187 | R10: =IF(G10="A",1,IF(G10="B",0.9,IF(G10="C",0.75,0.5))) -> 1 | T10: =STANDARDIZE(R10,$R$29,$R$30) -> 0.5335638
B11: 294 | C11: =IF(J11=1,"බේරිය",IF(J11=2,"මණ්ඩ",IF(J11=3,"කඩොල්",IF(J11=4,"තෙලකීරිය","හීන් කඩොල්/ ඇවරි කඩොල්")))) -> තෙලකීරිය | D11: =IF(J11=1,"Lumitzera racemosa",IF(J11=2,"Avicenia marina",IF(J11=3,"Rhizophora spp.",IF(J11=4,"Excoecaria agallocha","Aegiceras corniculatum")))) -> Excoecaria agallocha | E11: 39.25 | F11: 0.6 | G11: A | J11: 4 | K11: 2 | L11: 4 | O11: =0.251*(IF(J11=1,0.7,IF(J11=2,0.58,IF(J11=3,0.62,IF(J11=4,0.45,0.55))))*E11/10*F11)^0.916 -> 0.26470373 | P11: =O11*IF(G11="A",1,IF(G11="B",0.9,IF(G11="C",0.75,0.5))) -> 0.26470373 | R11: =IF(G11="A",1,IF(G11="B",0.9,IF(G11="C",0.75,0.5))) -> 1 | T11: =STANDARDIZE(R11,$R$29,$R$30) -> 0.5335638
B12: 295 | C12: =IF(J12=1,"බේරිය",IF(J12=2,"මණ්ඩ",IF(J12=3,"කඩොල්",IF(J12=4,"තෙලකීරිය","හීන් කඩොල්/ ඇවරි කඩොල්")))) -> බේරිය | D12: =IF(J12=1,"Lumitzera racemosa",IF(J12=2,"Avicenia marina",IF(J12=3,"Rhizophora spp.",IF(J12=4,"Excoecaria agallocha","Aegiceras corniculatum")))) -> Lumitzera racemosa | E12: 12.46 | F12: 0.61 | G12: A | J12: 1 | K12: 7 | L12: 4 | O12: =0.251*(IF(J12=1,0.7,IF(J12=2,0.58,IF(J12=3,0.62,IF(J12=4,0.45,0.55))))*E12/10*F12)^0.916 -> 0.14081217 | P12: =O12*IF(G12="A",1,IF(G12="B",0.9,IF(G12="C",0.75,0.5))) -> 0.14081217 | R12: =IF(G12="A",1,IF(G12="B",0.9,IF(G12="C",0.75,0.5))) -> 1 | T12: =STANDARDIZE(R12,$R$29,$R$30) -> 0.5335638
B13: 296 | C13: =IF(J13=1,"බේරිය",IF(J13=2,"මණ්ඩ",IF(J13=3,"කඩොල්",IF(J13=4,"තෙලකීරිය","හීන් කඩොල්/ ඇවරි කඩොල්")))) -> බේරිය | D13: =IF(J13=1,"Lumitzera racemosa",IF(J13=2,"Avicenia marina",IF(J13=3,"Rhizophora spp.",IF(J13=4,"Excoecaria agallocha","Aegiceras corniculatum")))) -> Lumitzera racemosa | E13: 8.79 | F13: 0.4 | G13: A | J13: 1 | K13: 4 | L13: 7 | O13: =0.251*(IF(J13=1,0.7,IF(J13=2,0.58,IF(J13=3,0.62,IF(J13=4,0.45,0.55))))*E13/10*F13)^0.916 -> 0.069496717 | P13: =O13*IF(G13="A",1,IF(G13="B",0.9,IF(G13="C",0.75,0.5))) -> 0.069496717 | R13: =IF(G13="A",1,IF(G13="B",0.9,IF(G13="C",0.75,0.5))) -> 1 | T13: =STANDARDIZE(R13,$R$29,$R$30) -> 0.5335638
B14: 297 | C14: =IF(J14=1,"බේරිය",IF(J14=2,"මණ්ඩ",IF(J14=3,"කඩොල්",IF(J14=4,"තෙලකීරිය","හීන් කඩොල්/ ඇවරි කඩොල්")))) -> බේරිය | D14: =IF(J14=1,"Lumitzera racemosa",IF(J14=2,"Avicenia marina",IF(J14=3,"Rhizophora spp.",IF(J14=4,"Excoecaria agallocha","Aegiceras corniculatum")))) -> Lumitzera racemosa | E14: 13.01 | F14: 0.47 | G14: B | H14: Flowers | J14: 1 | K14: 2 | L14: 5 | O14: =0.251*(IF(J14=1,0.7,IF(J14=2,0.58,IF(J14=3,0.62,IF(J14=4,0.45,0.55))))*E14/10*F14)^0.916 -> 0.11537273 | P14: =O14*IF(G14="A",1,IF(G14="B",0.9,IF(G14="C",0.75,0.5))) -> 0.10383546 | R14: =IF(G14="A",1,IF(G14="B",0.9,IF(G14="C",0.75,0.5))) -> 0.9 | T14: =STANDARDIZE(R14,$R$29,$R$30) -> -0.34957629
B15: 298 | C15: =IF(J15=1,"බේරිය",IF(J15=2,"මණ්ඩ",IF(J15=3,"කඩොල්",IF(J15=4,"තෙලකීරිය","හීන් කඩොල්/ ඇවරි කඩොල්")))) -> බේරිය | D15: =IF(J15=1,"Lumitzera racemosa",IF(J15=2,"Avicenia marina",IF(J15=3,"Rhizophora spp.",IF(J15=4,"Excoecaria agallocha","Aegiceras corniculatum")))) -> Lumitzera racemosa | E15: 8.98 | F15: 0.48 | G15: C | J15: 1 | K15: 1 | L15: 5 | O15: =0.251*(IF(J15=1,0.7,IF(J15=2,0.58,IF(J15=3,0.62,IF(J15=4,0.45,0.55))))*E15/10*F15)^0.916 -> 0.083753241 | P15: =O15*IF(G15="A",1,IF(G15="B",0.9,IF(G15="C",0.75,0.5))) -> 0.062814931 | R15: =IF(G15="A",1,IF(G15="B",0.9,IF(G15="C",0.75,0.5))) -> 0.75 | T15: =STANDARDIZE(R15,$R$29,$R$30) -> -1.6742864
B16: 299 | C16: =IF(J16=1,"බේරිය",IF(J16=2,"මණ්ඩ",IF(J16=3,"කඩොල්",IF(J16=4,"තෙලකීරිය","හීන් කඩොල්/ ඇවරි කඩොල්")))) -> බේරිය | D16: =IF(J16=1,"Lumitzera racemosa",IF(J16=2,"Avicenia marina",IF(J16=3,"Rhizophora spp.",IF(J16=4,"Excoecaria agallocha","Aegiceras corniculatum")))) -> Lumitzera racemosa | E16: 26.23 | F16: 0.89 | G16: A | J16: 1 | K16: 2 | L16: 13 | O16: =0.251*(IF(J16=1,0.7,IF(J16=2,0.58,IF(J16=3,0.62,IF(J16=4,0.45,0.55))))*E16/10*F16)^0.916 -> 0.39358996 | P16: =O16*IF(G16="A",1,IF(G16="B",0.9,IF(G16="C",0.75,0.5))) -> 0.39358996 | R16: =IF(G16="A",1,IF(G16="B",0.9,IF(G16="C",0.75,0.5))) -> 1 | T16: =STANDARDIZE(R16,$R$29,$R$30) -> 0.5335638
B17: 300 | C17: =IF(J17=1,"බේරිය",IF(J17=2,"මණ්ඩ",IF(J17=3,"කඩොල්",IF(J17=4,"තෙලකීරිය","හීන් කඩොල්/ ඇවරි කඩොල්")))) -> බේරිය | D17: =IF(J17=1,"Lumitzera racemosa",IF(J17=2,"Avicenia marina",IF(J17=3,"Rhizophora spp.",IF(J17=4,"Excoecaria agallocha","Aegiceras corniculatum")))) -> Lumitzera racemosa | E17: 18.7 | F17: 0.88 | G17: A | J17: 1 | K17: 4 | L17: 8 | O17: =0.251*(IF(J17=1,0.7,IF(J17=2,0.58,IF(J17=3,0.62,IF(J17=4,0.45,0.55))))*E17/10*F17)^0.916 -> 0.28571732 | P17: =O17*IF(G17="A",1,IF(G17="B",0.9,IF(G17="C",0.75,0.5))) -> 0.28571732 | R17: =IF(G17="A",1,IF(G17="B",0.9,IF(G17="C",0.75,0.5))) -> 1 | T17: =STANDARDIZE(R17,$R$29,$R$30) -> 0.5335638
B18: 301 | C18: =IF(J18=1,"බේරිය",IF(J18=2,"මණ්ඩ",IF(J18=3,"කඩොල්",IF(J18=4,"තෙලකීරිය","හීන් කඩොල්/ ඇවරි කඩොල්")))) -> බේරිය | D18: =IF(J18=1,"Lumitzera racemosa",IF(J18=2,"Avicenia marina",IF(J18=3,"Rhizophora spp.",IF(J18=4,"Excoecaria agallocha","Aegiceras corniculatum")))) -> Lumitzera racemosa | E18: 11.95 | F18: 0.47 | G18: B | J18: 1 | K18: 2 | L18: 8 | O18: =0.251*(IF(J18=1,0.7,IF(J18=2,0.58,IF(J18=3,0.62,IF(J18=4,0.45,0.55))))*E18/10*F18)^0.916 -> 0.10673188 | P18: =O18*IF(G18="A",1,IF(G18="B",0.9,IF(G18="C",0.75,0.5))) -> 0.096058693 | R18: =IF(G18="A",1,IF(G18="B",0.9,IF(G18="C",0.75,0.5))) -> 0.9 | T18: =STANDARDIZE(R18,$R$29,$R$30) -> -0.34957629
B19: 302 | C19: =IF(J19=1,"බේරිය",IF(J19=2,"මණ්ඩ",IF(J19=3,"කඩොල්",IF(J19=4,"තෙලකීරිය","හීන් කඩොල්/ ඇවරි කඩොල්")))) -> බේරිය | D19: =IF(J19=1,"Lumitzera racemosa",IF(J19=2,"Avicenia marina",IF(J19=3,"Rhizophora spp.",IF(J19=4,"Excoecaria agallocha","Aegiceras corniculatum")))) -> Lumitzera racemosa | E19: 10.02 | F19: 0.58 | G19: B | J19: 1 | K19: 2 | L19: 8 | O19: =0.251*(IF(J19=1,0.7,IF(J19=2,0.58,IF(J19=3,0.62,IF(J19=4,0.45,0.55))))*E19/10*F19)^0.916 -> 0.11012309 | P19: =O19*IF(G19="A",1,IF(G19="B",0.9,IF(G19="C",0.75,0.5))) -> 0.099110784 | R19: =IF(G19="A",1,IF(G19="B",0.9,IF(G19="C",0.75,0.5))) -> 0.9 | T19: =STANDARDIZE(R19,$R$29,$R$30) -> -0.34957629
B20: 303 | C20: =IF(J20=1,"බේරිය",IF(J20=2,"මණ්ඩ",IF(J20=3,"කඩොල්",IF(J20=4,"තෙලකීරිය","හීන් කඩොල්/ ඇවරි කඩොල්")))) -> බේරිය | D20: =IF(J20=1,"Lumitzera racemosa",IF(J20=2,"Avicenia marina",IF(J20=3,"Rhizophora spp.",IF(J20=4,"Excoecaria agallocha","Aegiceras corniculatum")))) -> Lumitzera racemosa | E20: 17.62 | F20: 0.75 | G20: A | J20: 1 | K20: 1 | L20: 12 | O20: =0.251*(IF(J20=1,0.7,IF(J20=2,0.58,IF(J20=3,0.62,IF(J20=4,0.45,0.55))))*E20/10*F20)^0.916 -> 0.23371202 | P20: =O20*IF(G20="A",1,IF(G20="B",0.9,IF(G20="C",0.75,0.5))) -> 0.23371202 | R20: =IF(G20="A",1,IF(G20="B",0.9,IF(G20="C",0.75,0.5))) -> 1 | T20: =STANDARDIZE(R20,$R$29,$R$30) -> 0.5335638
B21: 304 | C21: =IF(J21=1,"බේරිය",IF(J21=2,"මණ්ඩ",IF(J21=3,"කඩොල්",IF(J21=4,"තෙලකීරිය","හීන් කඩොල්/ ඇවරි කඩොල්")))) -> තෙලකීරිය | D21: =IF(J21=1,"Lumitzera racemosa",IF(J21=2,"Avicenia marina",IF(J21=3,"Rhizophora spp.",IF(J21=4,"Excoecaria agallocha","Aegiceras corniculatum")))) -> Excoecaria agallocha | E21: 27.41 | F21: 0.91 | G21: A | J21: 4 | K21: 1 | L21: 7 | O21: =0.251*(IF(J21=1,0.7,IF(J21=2,0.58,IF(J21=3,0.62,IF(J21=4,0.45,0.55))))*E21/10*F21)^0.916 -> 0.27901206 | P21: =O21*IF(G21="A",1,IF(G21="B",0.9,IF(G21="C",0.75,0.5))) -> 0.27901206 | R21: =IF(G21="A",1,IF(G21="B",0.9,IF(G21="C",0.75,0.5))) -> 1 | T21: =STANDARDIZE(R21,$R$29,$R$30) -> 0.5335638
B22: 305 | C22: =IF(J22=1,"බේරිය",IF(J22=2,"මණ්ඩ",IF(J22=3,"කඩොල්",IF(J22=4,"තෙලකීරිය","හීන් කඩොල්/ ඇවරි කඩොල්")))) -> බේරිය | D22: =IF(J22=1,"Lumitzera racemosa",IF(J22=2,"Avicenia marina",IF(J22=3,"Rhizophora spp.",IF(J22=4,"Excoecaria agallocha","Aegiceras corniculatum")))) -> Lumitzera racemosa | E22: 11.99 | F22: 0.64 | G22: B | J22: 1 | K22: 2 | L22: 15 | O22: =0.251*(IF(J22=1,0.7,IF(J22=2,0.58,IF(J22=3,0.62,IF(J22=4,0.45,0.55))))*E22/10*F22)^0.916 -> 0.1420505 | P22: =O22*IF(G22="A",1,IF(G22="B",0.9,IF(G22="C",0.75,0.5))) -> 0.12784545 | R22: =IF(G22="A",1,IF(G22="B",0.9,IF(G22="C",0.75,0.5))) -> 0.9 | T22: =STANDARDIZE(R22,$R$29,$R$30) -> -0.34957629
B23: 306 | C23: =IF(J23=1,"බේරිය",IF(J23=2,"මණ්ඩ",IF(J23=3,"කඩොල්",IF(J23=4,"තෙලකීරිය","හීන් කඩොල්/ ඇවරි කඩොල්")))) -> බේරිය | D23: =IF(J23=1,"Lumitzera racemosa",IF(J23=2,"Avicenia marina",IF(J23=3,"Rhizophora spp.",IF(J23=4,"Excoecaria agallocha","Aegiceras corniculatum")))) -> Lumitzera racemosa | E23: 10.97 | F23: 0.43 | G23: B | J23: 1 | K23: 1 | L23: 7 | O23: =0.251*(IF(J23=1,0.7,IF(J23=2,0.58,IF(J23=3,0.62,IF(J23=4,0.45,0.55))))*E23/10*F23)^0.916 -> 0.090964074 | P23: =O23*IF(G23="A",1,IF(G23="B",0.9,IF(G23="C",0.75,0.5))) -> 0.081867667 | R23: =IF(G23="A",1,IF(G23="B",0.9,IF(G23="C",0.75,0.5))) -> 0.9 | T23: =STANDARDIZE(R23,$R$29,$R$30) -> -0.34957629
B24: 307 | C24: =IF(J24=1,"බේරිය",IF(J24=2,"මණ්ඩ",IF(J24=3,"කඩොල්",IF(J24=4,"තෙලකීරිය","හීන් කඩොල්/ ඇවරි කඩොල්")))) -> බේරිය | D24: =IF(J24=1,"Lumitzera racemosa",IF(J24=2,"Avicenia marina",IF(J24=3,"Rhizophora spp.",IF(J24=4,"Excoecaria agallocha","Aegiceras corniculatum")))) -> Lumitzera racemosa | E24: 12.15 | F24: 0.52 | J24: 1 | K24: 1 | L24: 10 | O24: =0.251*(IF(J24=1,0.7,IF(J24=2,0.58,IF(J24=3,0.62,IF(J24=4,0.45,0.55))))*E24/10*F24)^0.916 -> 0.11888155 | P24: =O24*IF(G24="A",1,IF(G24="B",0.9,IF(G24="C",0.75,0.5))) -> 0.059440775 | R24: =IF(G24="A",1,IF(G24="B",0.9,IF(G24="C",0.75,0.5))) -> 0.5 | T24: =STANDARDIZE(R24,$R$29,$R$30) -> -3.8821366
B25: 308 | C25: =IF(J25=1,"බේරිය",IF(J25=2,"මණ්ඩ",IF(J25=3,"කඩොල්",IF(J25=4,"තෙලකීරිය","හීන් කඩොල්/ ඇවරි කඩොල්")))) -> බේරිය | D25: =IF(J25=1,"Lumitzera racemosa",IF(J25=2,"Avicenia marina",IF(J25=3,"Rhizophora spp.",IF(J25=4,"Excoecaria agallocha","Aegiceras corniculatum")))) -> Lumitzera racemosa | E25: 10.14 | F25: 0.65 | G25: B | J25: 1 | K25: 2 | L25: 14 | O25: =0.251*(IF(J25=1,0.7,IF(J25=2,0.58,IF(J25=3,0.62,IF(J25=4,0.45,0.55))))*E25/10*F25)^0.916 -> 0.1235785 | P25: =O25*IF(G25="A",1,IF(G25="B",0.9,IF(G25="C",0.75,0.5))) -> 0.11122065 | R25: =IF(G25="A",1,IF(G25="B",0.9,IF(G25="C",0.75,0.5))) -> 0.9 | T25: =STANDARDIZE(R25,$R$29,$R$30) -> -0.34957629
B26: 309 | C26: =IF(J26=1,"බේරිය",IF(J26=2,"මණ්ඩ",IF(J26=3,"කඩොල්",IF(J26=4,"තෙලකීරිය","හීන් කඩොල්/ ඇවරි කඩොල්")))) -> බේරිය | D26: =IF(J26=1,"Lumitzera racemosa",IF(J26=2,"Avicenia marina",IF(J26=3,"Rhizophora spp.",IF(J26=4,"Excoecaria agallocha","Aegiceras corniculatum")))) -> Lumitzera racemosa | E26: 14.71 | F26: 0.67 | G26: B | J26: 1 | K26: 4 | L26: 10 | O26: =0.251*(IF(J26=1,0.7,IF(J26=2,0.58,IF(J26=3,0.62,IF(J26=4,0.45,0.55))))*E26/10*F26)^0.916 -> 0.17864927 | P26: =O26*IF(G26="A",1,IF(G26="B",0.9,IF(G26="C",0.75,0.5))) -> 0.16078435 | R26: =IF(G26="A",1,IF(G26="B",0.9,IF(G26="C",0.75,0.5))) -> 0.9 | T26: =STANDARDIZE(R26,$R$29,$R$30) -> -0.34957629
B27: 310 | C27: =IF(J27=1,"බේරිය",IF(J27=2,"මණ්ඩ",IF(J27=3,"කඩොල්",IF(J27=4,"තෙලකීරිය","හීන් කඩොල්/ ඇවරි කඩොල්")))) -> බේරිය | D27: =IF(J27=1,"Lumitzera racemosa",IF(J27=2,"Avicenia marina",IF(J27=3,"Rhizophora spp.",IF(J27=4,"Excoecaria agallocha","Aegiceras corniculatum")))) -> Lumitzera racemosa | E27: 13.79 | F27: 0.87 | G27: A | J27: 1 | K27: 2 | L27: 11 | O27: =0.251*(IF(J27=1,0.7,IF(J27=2,0.58,IF(J27=3,0.62,IF(J27=4,0.45,0.55))))*E27/10*F27)^0.916 -> 0.21390652 | P27: =O27*IF(G27="A",1,IF(G27="B",0.9,IF(G27="C",0.75,0.5))) -> 0.21390652 | R27: =IF(G27="A",1,IF(G27="B",0.9,IF(G27="C",0.75,0.5))) -> 1 | T27: =STANDARDIZE(R27,$R$29,$R$30) -> 0.5335638
O29: Total Adjusted AGB (Kg/plot) | P29: =SUM(P4:P27) -> 3.9503913 | Q29: Avarage Tree Condition value | R29: =AVERAGE(R4:R27) -> 0.93958333
Q30: STDEV | R30: =STDEV(R4:R27) -> 0.11323232
O32: Total Biomass = AGB + BGB = AGB × (1 + 0.24)
O33: Total Biomass | P33: =1.24*P29 -> 4.8984852
O36: 1 kg of dry biomass = ~1.2 kg of oxygen produced annually
O37: O₂ Produced( kg O₂/year)≈ | P37: =1.2*P33 -> 5.8781822
O40: CO₂ absorbed | P40: 1 kg biomass → ~1.83 kg CO₂/year
O41: CO₂ Sequestered( kg CO₂/year)≈ | P41: =1.83*P33 -> 8.9642278

Sheet Plot 9
A1: Kalpitiya Mangrove Inventory
A2: Date:03/2025
A3: Plot No | B3: Tag No | C3: Common Name | D3: Scientific Name | E3: DBH(mm) | F3: Tree Height(m) | G3: Tree Condition(A-D) | H3: Presence of Flowers/Fruits | I3: GPS | J3: Photo Numbers | K3: sub branchers (sb) | L3: branchers(b) | O3: ADG(kg/Tree) | P3: Adjusted AGB(for condition)(kg) | R3: Tree Condition Value | T3: Standadize Tree Condition
A4: 9 | B4: 341 | C4: =IF(J4=1,"බේරිය",IF(J4=2,"මණ්ඩ",IF(J4=3,"කඩොල්",IF(J4=4,"තෙලකීරිය","හීන් කඩොල්/ ඇවරි කඩොල්")))) -> තෙලකීරිය | D4: =IF(J4=1,"Lumitzera racemosa",IF(J4=2,"Avicenia marina",IF(J4=3,"Rhizophora spp.",IF(J4=4,"Excoecaria agallocha","Aegiceras corniculatum")))) -> Excoecaria agallocha | E4: 14.61 | F4: 1.1 | G4: B | J4: 4 | K4: 2 | L4: 1 | O4: =0.251*(IF(J4=1,0.7,IF(J4=2,0.58,IF(J4=3,0.62,IF(J4=4,0.45,0.55))))*E4/10*F4)^0.916 -> 0.18653128 | P4: =O4*IF(G4="A",1,IF(G4="B",0.9,IF(G4="C",0.75,0.5))) -> 0.16787816 | R4: =IF(G4="A",1,IF(G4="B",0.9,IF(G4="C",0.75,0.5))) -> 0.9 | T4: =STANDARDIZE(R4,$R$44,$R$45) -> -0.22949521
B5: 342 | C5: =IF(J5=1,"බේරිය",IF(J5=2,"මණ්ඩ",IF(J5=3,"කඩොල්",IF(J5=4,"තෙලකීරිය","හීන් කඩොල්/ ඇවරි කඩොල්")))) -> තෙලකීරිය | D5: =IF(J5=1,"Lumitzera racemosa",IF(J5=2,"Avicenia marina",IF(J5=3,"Rhizophora spp.",IF(J5=4,"Excoecaria agallocha","Aegiceras corniculatum")))) -> Excoecaria agallocha | E5: 11.08 | F5: 0.9 | G5: B | J5: 4 | K5: 4 | L5: 1 | O5: =0.251*(IF(J5=1,0.7,IF(J5=2,0.58,IF(J5=3,0.62,IF(J5=4,0.45,0.55))))*E5/10*F5)^0.916 -> 0.12047611 | P5: =O5*IF(G5="A",1,IF(G5="B",0.9,IF(G5="C",0.75,0.5))) -> 0.1084285 | R5: =IF(G5="A",1,IF(G5="B",0.9,IF(G5="C",0.75,0.5))) -> 0.9 | T5: =STANDARDIZE(R5,$R$44,$R$45) -> -0.22949521
B6: 343 | C6: =IF(J6=1,"බේරිය",IF(J6=2,"මණ්ඩ",IF(J6=3,"කඩොල්",IF(J6=4,"තෙලකීරිය","හීන් කඩොල්/ ඇවරි කඩොල්")))) -> තෙලකීරිය | D6: =IF(J6=1,"Lumitzera racemosa",IF(J6=2,"Avicenia marina",IF(J6=3,"Rhizophora spp.",IF(J6=4,"Excoecaria agallocha","Aegiceras corniculatum")))) -> Excoecaria agallocha | E6: 12.03 | F6: 1.1 | G6: B | J6: 4 | K6: 1 | L6: 1 | O6: =0.251*(IF(J6=1,0.7,IF(J6=2,0.58,IF(J6=3,0.62,IF(J6=4,0.45,0.55))))*E6/10*F6)^0.916 -> 0.15611887 | P6: =O6*IF(G6="A",1,IF(G6="B",0.9,IF(G6="C",0.75,0.5))) -> 0.14050698 | R6: =IF(G6="A",1,IF(G6="B",0.9,IF(G6="C",0.75,0.5))) -> 0.9 | T6: =STANDARDIZE(R6,$R$44,$R$45) -> -0.22949521
B7: 344 | C7: =IF(J7=1,"බේරිය",IF(J7=2,"මණ්ඩ",IF(J7=3,"කඩොල්",IF(J7=4,"තෙලකීරිය","හීන් කඩොල්/ ඇවරි කඩොල්")))) -> බේරිය | D7: =IF(J7=1,"Lumitzera racemosa",IF(J7=2,"Avicenia marina",IF(J7=3,"Rhizophora spp.",IF(J7=4,"Excoecaria agallocha","Aegiceras corniculatum")))) -> Lumitzera racemosa | E7: 17.42 | F7: 1.25 | G7: B | J7: 1 | K7: 6 | L7: 4 | O7: =0.251*(IF(J7=1,0.7,IF(J7=2,0.58,IF(J7=3,0.62,IF(J7=4,0.45,0.55))))*E7/10*F7)^0.916 -> 0.3692778 | P7: =O7*IF(G7="A",1,IF(G7="B",0.9,IF(G7="C",0.75,0.5))) -> 0.33235002 | R7: =IF(G7="A",1,IF(G7="B",0.9,IF(G7="C",0.75,0.5))) -> 0.9 | T7: =STANDARDIZE(R7,$R$44,$R$45) -> -0.22949521
B8: 345 | C8: =IF(J8=1,"බේරිය",IF(J8=2,"මණ්ඩ",IF(J8=3,"කඩොල්",IF(J8=4,"තෙලකීරිය","හීන් කඩොල්/ ඇවරි කඩොල්")))) -> බේරිය | D8: =IF(J8=1,"Lumitzera racemosa",IF(J8=2,"Avicenia marina",IF(J8=3,"Rhizophora spp.",IF(J8=4,"Excoecaria agallocha","Aegiceras corniculatum")))) -> Lumitzera racemosa | E8: 27.06 | F8: 1.85 | G8: B | J8: 1 | K8: 10 | L8: 6 | O8: =0.251*(IF(J8=1,0.7,IF(J8=2,0.58,IF(J8=3,0.62,IF(J8=4,0.45,0.55))))*E8/10*F8)^0.916 -> 0.79163518 | P8: =O8*IF(G8="A",1,IF(G8="B",0.9,IF(G8="C",0.75,0.5))) -> 0.71247166 | R8: =IF(G8="A",1,IF(G8="B",0.9,IF(G8="C",0.75,0.5))) -> 0.9 | T8: =STANDARDIZE(R8,$R$44,$R$45) -> -0.22949521
B9: 346 | C9: =IF(J9=1,"බේරිය",IF(J9=2,"මණ්ඩ",IF(J9=3,"කඩොල්",IF(J9=4,"තෙලකීරිය","හීන් කඩොල්/ ඇවරි කඩොල්")))) -> තෙලකීරිය | D9: =IF(J9=1,"Lumitzera racemosa",IF(J9=2,"Avicenia marina",IF(J9=3,"Rhizophora spp.",IF(J9=4,"Excoecaria agallocha","Aegiceras corniculatum")))) -> Excoecaria agallocha | E9: 34.81 | F9: 1.2 | G9: B | J9: 4 | K9: 1 | L9: 5 | O9: =0.251*(IF(J9=1,0.7,IF(J9=2,0.58,IF(J9=3,0.62,IF(J9=4,0.45,0.55))))*E9/10*F9)^0.916 -> 0.44745286 | P9: =O9*IF(G9="A",1,IF(G9="B",0.9,IF(G9="C",0.75,0.5))) -> 0.40270758 | R9: =IF(G9="A",1,IF(G9="B",0.9,IF(G9="C",0.75,0.5))) -> 0.9 | T9: =STANDARDIZE(R9,$R$44,$R$45) -> -0.22949521
B10: 347 | C10: =IF(J10=1,"බේරිය",IF(J10=2,"මණ්ඩ",IF(J10=3,"කඩොල්",IF(J10=4,"තෙලකීරිය","හීන් කඩොල්/ ඇවරි කඩොල්")))) -> බේරිය | D10: =IF(J10=1,"Lumitzera racemosa",IF(J10=2,"Avicenia marina",IF(J10=3,"Rhizophora spp.",IF(J10=4,"Excoecaria agallocha","Aegiceras corniculatum")))) -> Lumitzera racemosa | E10: 8.42 | F10: 0.86 | G10: B | J10: 1 | K10: 6 | L10: 10 | O10: =0.251*(IF(J10=1,0.7,IF(J10=2,0.58,IF(J10=3,0.62,IF(J10=4,0.45,0.55))))*E10/10*F10)^0.916 -> 0.13470074 | P10: =O10*IF(G10="A",1,IF(G10="B",0.9,IF(G10="C",0.75,0.5))) -> 0.12123067 | R10: =IF(G10="A",1,IF(G10="B",0.9,IF(G10="C",0.75,0.5))) -> 0.9 | T10: =STANDARDIZE(R10,$R$44,$R$45) -> -0.22949521
B11: 348 | C11: =IF(J11=1,"බේරිය",IF(J11=2,"මණ්ඩ",IF(J11=3,"කඩොල්",IF(J11=4,"තෙලකීරිය","හීන් කඩොල්/ ඇවරි කඩොල්")))) -> බේරිය | D11: =IF(J11=1,"Lumitzera racemosa",IF(J11=2,"Avicenia marina",IF(J11=3,"Rhizophora spp.",IF(J11=4,"Excoecaria agallocha","Aegiceras corniculatum")))) -> Lumitzera racemosa | E11: 16.63 | F11: 1.2 | G11: B | J11: 1 | K11: 8 | L11: 6 | O11: =0.251*(IF(J11=1,0.7,IF(J11=2,0.58,IF(J11=3,0.62,IF(J11=4,0.45,0.55))))*E11/10*F11)^0.916 -> 0.34091872 | P11: =O11*IF(G11="A",1,IF(G11="B",0.9,IF(G11="C",0.75,0.5))) -> 0.30682685 | R11: =IF(G11="A",1,IF(G11="B",0.9,IF(G11="C",0.75,0.5))) -> 0.9 | T11: =STANDARDIZE(R11,$R$44,$R$45) -> -0.22949521
B12: 349 | C12: =IF(J12=1,"බේරිය",IF(J12=2,"මණ්ඩ",IF(J12=3,"කඩොල්",IF(J12=4,"තෙලකීරිය","හීන් කඩොල්/ ඇවරි කඩොල්")))) -> බේරිය | D12: =IF(J12=1,"Lumitzera racemosa",IF(J12=2,"Avicenia marina",IF(J12=3,"Rhizophora spp.",IF(J12=4,"Excoecaria agallocha","Aegiceras corniculatum")))) -> Lumitzera racemosa | E12: 12.04 | F12: 0.63 | G12: B | J12: 1 | K12: 2 | L12: 9 | O12: =0.251*(IF(J12=1,0.7,IF(J12=2,0.58,IF(J12=3,0.62,IF(J12=4,0.45,0.55))))*E12/10*F12)^0.916 -> 0.1405508 | P12: =O12*IF(G12="A",1,IF(G12="B",0.9,IF(G12="C",0.75,0.5))) -> 0.12649572 | R12: =IF(G12="A",1,IF(G12="B",0.9,IF(G12="C",0.75,0.5))) -> 0.9 | T12: =STANDARDIZE(R12,$R$44,$R$45) -> -0.22949521
B13: 350 | C13: =IF(J13=1,"බේරිය",IF(J13=2,"මණ්ඩ",IF(J13=3,"කඩොල්",IF(J13=4,"තෙලකීරිය","හීන් කඩොල්/ ඇවරි කඩොල්")))) -> තෙලකීරිය | D13: =IF(J13=1,"Lumitzera racemosa",IF(J13=2,"Avicenia marina",IF(J13=3,"Rhizophora spp.",IF(J13=4,"Excoecaria agallocha","Aegiceras corniculatum")))) -> Excoecaria agallocha | E13: 27.07 | F13: 1.16 | G13: B | J13: 4 | K13: 2 | L13: 6 | O13: =0.251*(IF(J13=1,0.7,IF(J13=2,0.58,IF(J13=3,0.62,IF(J13=4,0.45,0.55))))*E13/10*F13)^0.916 -> 0.34452373 | P13: =O13*IF(G13="A",1,IF(G13="B",0.9,IF(G13="C",0.75,0.5))) -> 0.31007136 | R13: =IF(G13="A",1,IF(G13="B",0.9,IF(G13="C",0.75,0.5))) -> 0.9 | T13: =STANDARDIZE(R13,$R$44,$R$45) -> -0.22949521
B14: 351 | C14: =IF(J14=1,"බේරිය",IF(J14=2,"මණ්ඩ",IF(J14=3,"කඩොල්",IF(J14=4,"තෙලකීරිය","හීන් කඩොල්/ ඇවරි කඩොල්")))) -> බේරිය | D14: =IF(J14=1,"Lumitzera racemosa",IF(J14=2,"Avicenia marina",IF(J14=3,"Rhizophora spp.",IF(J14=4,"Excoecaria agallocha","Aegiceras corniculatum")))) -> Lumitzera racemosa | E14: 23.98 | F14: 2 | G14: B | J14: 1 | K14: 6 | L14: 4 | O14: =0.251*(IF(J14=1,0.7,IF(J14=2,0.58,IF(J14=3,0.62,IF(J14=4,0.45,0.55))))*E14/10*F14)^0.916 -> 0.76114754 | P14: =O14*IF(G14="A",1,IF(G14="B",0.9,IF(G14="C",0.75,0.5))) -> 0.68503279 | R14: =IF(G14="A",1,IF(G14="B",0.9,IF(G14="C",0.75,0.5))) -> 0.9 | T14: =STANDARDIZE(R14,$R$44,$R$45) -> -0.22949521
B15: 352 | C15: =IF(J15=1,"බේරිය",IF(J15=2,"මණ්ඩ",IF(J15=3,"කඩොල්",IF(J15=4,"තෙලකීරිය","හීන් කඩොල්/ ඇවරි කඩොල්")))) -> මණ්ඩ | D15: =IF(J15=1,"Lumitzera racemosa",IF(J15=2,"Avicenia marina",IF(J15=3,"Rhizophora spp.",IF(J15=4,"Excoecaria agallocha","Aegiceras corniculatum")))) -> Avicenia marina | E15: 5.81 | F15: 0.82 | G15: B | J15: 2 | K15: 1 | L15: 1 | O15: =0.251*(IF(J15=1,0.7,IF(J15=2,0.58,IF(J15=3,0.62,IF(J15=4,0.45,0.55))))*E15/10*F15)^0.916 -> 0.077270298 | P15: =O15*IF(G15="A",1,IF(G15="B",0.9,IF(G15="C",0.75,0.5))) -> 0.069543269 | R15: =IF(G15="A",1,IF(G15="B",0.9,IF(G15="C",0.75,0.5))) -> 0.9 | T15: =STANDARDIZE(R15,$R$44,$R$45) -> -0.22949521
B16: 353 | C16: =IF(J16=1,"බේරිය",IF(J16=2,"මණ්ඩ",IF(J16=3,"කඩොල්",IF(J16=4,"තෙලකීරිය","හීන් කඩොල්/ ඇවරි කඩොල්")))) -> තෙලකීරිය | D16: =IF(J16=1,"Lumitzera racemosa",IF(J16=2,"Avicenia marina",IF(J16=3,"Rhizophora spp.",IF(J16=4,"Excoecaria agallocha","Aegiceras corniculatum")))) -> Excoecaria agallocha | E16: 30.36 | F16: 1.15 | G16: B | J16: 4 | K16: 1 | L16: 6 | O16: =0.251*(IF(J16=1,0.7,IF(J16=2,0.58,IF(J16=3,0.62,IF(J16=4,0.45,0.55))))*E16/10*F16)^0.916 -> 0.37966803 | P16: =O16*IF(G16="A",1,IF(G16="B",0.9,IF(G16="C",0.75,0.5))) -> 0.34170122 | R16: =IF(G16="A",1,IF(G16="B",0.9,IF(G16="C",0.75,0.5))) -> 0.9 | T16: =STANDARDIZE(R16,$R$44,$R$45) -> -0.22949521
... B42: 379 | C42: =IF(J42=1,"බේරිය",IF(J42=2,"මණ්ඩ",IF(J42=3,"කඩොල්",IF(J42=4,"තෙලකීරිය","හීන් කඩොල්/ ඇවරි කඩොල්")))) -> තෙලකීරිය | D42: =IF(J42=1,"Lumitzera racemosa",IF(J42=2,"Avicenia marina",IF(J42=3,"Rhizophora spp.",IF(J42=4,"Excoecaria agallocha","Aegiceras corniculatum")))) -> Excoecaria agallocha | E42: 10.16 | F42: 1 | G42: B | J42: 4 | K42: 1 | L42: 1 | O42: =0.251*(IF(J42=1,0.7,IF(J42=2,0.58,IF(J42=3,0.62,IF(J42=4,0.45,0.55))))*E42/10*F42)^0.916 -> 0.122555 | P42: =O42*IF(G42="A",1,IF(G42="B",0.9,IF(G42="C",0.75,0.5))) -> 0.1102995 | R42: =IF(G42="A",1,IF(G42="B",0.9,IF(G42="C",0.75,0.5))) -> 0.9 | T42: =STANDARDIZE(R42,$R$44,$R$45) -> -0.22949521
O44: Total Adjusted AGB (Kg/plot) | P44: =SUM(P4:P42) -> 9.1173846 | Q44: Avarage Tree Condition value | R44: =AVERAGE(R4:R42) -> 0.90512821
Q45: STDEV | R45: =STDEV(R4:R42) -> 0.022345587
O47: Total Biomass = AGB + BGB = AGB × (1 + 0.24)
O48: Total Biomass | P48: =1.24*P44 -> 11.305557
O51: 1 kg of dry biomass = ~1.2 kg of oxygen produced annually
O52: O₂ Produced( kg O₂/year)≈ | P52: =1.2*P48 -> 13.566668
O55: CO₂ absorbed | P55: 1 kg biomass → ~1.83 kg CO₂/year
O56: CO₂ Sequestered( kg CO₂/year)≈ | P56: =1.83*P48 -> 20.689169

Sheet Plot 10
A1: Kalpitiya Mangrove Inventory
A2: Date:03/2025
A3: Plot No | B3: Tag No | C3: Common Name | D3: Scientific Name | E3: DBH(mm) | F3: Tree Height(m) | G3: Tree Condition(A-D) | H3: Presence of Flowers/Fruits | I3: GPS | J3: Photo Numbers | K3: sub branchers (sb) | L3: branchers(b) | O3: ADG(kg/Tree) | P3: Adjusted AGB(for condition)(kg) | R3: Tree Condition Value | T3: Standadize Tree Condition
A4: 10 | B4: 311 | C4: =IF(J4=1,"බේරිය",IF(J4=2,"මණ්ඩ",IF(J4=3,"කඩොල්",IF(J4=4,"තෙලකීරිය","හීන් කඩොල්/ ඇවරි කඩොල්")))) -> තෙලකීරිය | D4: =IF(J4=1,"Lumitzera racemosa",IF(J4=2,"Avicenia marina",IF(J4=3,"Rhizophora spp.",IF(J4=4,"Excoecaria agallocha","Aegiceras corniculatum")))) -> Excoecaria agallocha | E4: 41.16 | F4: 0.92 | G4: A | J4: 4 | K4: 1 | L4: 15 | O4: =0.251*(IF(J4=1,0.7,IF(J4=2,0.58,IF(J4=3,0.62,IF(J4=4,0.45,0.55))))*E4/10*F4)^0.916 -> 0.4089832 | P4: =O4*IF(G4="A",1,IF(G4="B",0.9,IF(G4="C",0.75,0.5))) -> 0.4089832 | R4: =IF(G4="A",1,IF(G4="B",0.9,IF(G4="C",0.75,0.5))) -> 1 | T4: =STANDARDIZE(R4,$R$21,$R$22) -> 1.0978876
B5: 312 | C5: =IF(J5=1,"බේරිය",IF(J5=2,"මණ්ඩ",IF(J5=3,"කඩොල්",IF(J5=4,"තෙලකීරිය","හීන් කඩොල්/ ඇවරි කඩොල්")))) -> තෙලකීරිය | D5: =IF(J5=1,"Lumitzera racemosa",IF(J5=2,"Avicenia marina",IF(J5=3,"Rhizophora spp.",IF(J5=4,"Excoecaria agallocha","Aegiceras corniculatum")))) -> Excoecaria agallocha | E5: 46.39 | F5: 1.02 | G5: B | J5: 4 | K5: 1 | L5: 5 | O5: =0.251*(IF(J5=1,0.7,IF(J5=2,0.58,IF(J5=3,0.62,IF(J5=4,0.45,0.55))))*E5/10*F5)^0.916 -> 0.50157845 | P5: =O5*IF(G5="A",1,IF(G5="B",0.9,IF(G5="C",0.75,0.5))) -> 0.4514206 | R5: =IF(G5="A",1,IF(G5="B",0.9,IF(G5="C",0.75,0.5))) -> 0.9 | T5: =STANDARDIZE(R5,$R$21,$R$22) -> -0.85391256
B6: 313 | C6: =IF(J6=1,"බේරිය",IF(J6=2,"මණ්ඩ",IF(J6=3,"කඩොල්",IF(J6=4,"තෙලකීරිය","හීන් කඩොල්/ ඇවරි කඩොල්")))) -> තෙලකීරිය | D6: =IF(J6=1,"Lumitzera racemosa",IF(J6=2,"Avicenia marina",IF(J6=3,"Rhizophora spp.",IF(J6=4,"Excoecaria agallocha","Aegiceras corniculatum")))) -> Excoecaria agallocha | E6: 30.88 | F6: 0.88 | G6: B | J6: 4 | K6: 2 | L6: 6 | O6: =0.251*(IF(J6=1,0.7,IF(J6=2,0.58,IF(J6=3,0.62,IF(J6=4,0.45,0.55))))*E6/10*F6)^0.916 -> 0.30179144 | P6: =O6*IF(G6="A",1,IF(G6="B",0.9,IF(G6="C",0.75,0.5))) -> 0.27161229 | R6: =IF(G6="A",1,IF(G6="B",0.9,IF(G6="C",0.75,0.5))) -> 0.9 | T6: =STANDARDIZE(R6,$R$21,$R$22) -> -0.85391256
B7: 314 | C7: =IF(J7=1,"බේරිය",IF(J7=2,"මණ්ඩ",IF(J7=3,"කඩොල්",IF(J7=4,"තෙලකීරිය","හීන් කඩොල්/ ඇවරි කඩොල්")))) -> තෙලකීරිය | D7: =IF(J7=1,"Lumitzera racemosa",IF(J7=2,"Avicenia marina",IF(J7=3,"Rhizophora spp.",IF(J7=4,"Excoecaria agallocha","Aegiceras corniculatum")))) -> Excoecaria agallocha | E7: 32.88 | F7: 0.93 | G7: B | J7: 4 | K7: 1 | L7: 7 | O7: =0.251*(IF(J7=1,0.7,IF(J7=2,0.58,IF(J7=3,0.62,IF(J7=4,0.45,0.55))))*E7/10*F7)^0.916 -> 0.33624536 | P7: =O7*IF(G7="A",1,IF(G7="B",0.9,IF(G7="C",0.75,0.5))) -> 0.30262083 | R7: =IF(G7="A",1,IF(G7="B",0.9,IF(G7="C",0.75,0.5))) -> 0.9 | T7: =STANDARDIZE(R7,$R$21,$R$22) -> -0.85391256
B8: 315 | C8: =IF(J8=1,"බේරිය",IF(J8=2,"මණ්ඩ",IF(J8=3,"කඩොල්",IF(J8=4,"තෙලකීරිය","හීන් කඩොල්/ ඇවරි කඩොල්")))) -> තෙලකීරිය | D8: =IF(J8=1,"Lumitzera racemosa",IF(J8=2,"Avicenia marina",IF(J8=3,"Rhizophora spp.",IF(J8=4,"Excoecaria agallocha","Aegiceras corniculatum")))) -> Excoecaria agallocha | E8: 54.31 | F8: 1.25 | G8: B | J8: 4 | K8: 1 | L8: 6 | O8: =0.251*(IF(J8=1,0.7,IF(J8=2,0.58,IF(J8=3,0.62,IF(J8=4,0.45,0.55))))*E8/10*F8)^0.916 -> 0.69812928 | P8: =O8*IF(G8="A",1,IF(G8="B",0.9,IF(G8="C",0.75,0.5))) -> 0.62831636 | R8: =IF(G8="A",1,IF(G8="B",0.9,IF(G8="C",0.75,0.5))) -> 0.9 | T8: =STANDARDIZE(R8,$R$21,$R$22) -> -0.85391256
B9: 316 | C9: =IF(J9=1,"බේරිය",IF(J9=2,"මණ්ඩ",IF(J9=3,"කඩොල්",IF(J9=4,"තෙලකීරිය","හීන් කඩොල්/ ඇවරි කඩොල්")))) -> තෙලකීරිය | D9: =IF(J9=1,"Lumitzera racemosa",IF(J9=2,"Avicenia marina",IF(J9=3,"Rhizophora spp.",IF(J9=4,"Excoecaria agallocha","Aegiceras corniculatum")))) -> Excoecaria agallocha | E9: 45.91 | F9: 1.35 | G9: B | J9: 4 | K9: 2 | L9: 12 | O9: =0.251*(IF(J9=1,0.7,IF(J9=2,0.58,IF(J9=3,0.62,IF(J9=4,0.45,0.55))))*E9/10*F9)^0.916 -> 0.64225752 | P9: =O9*IF(G9="A",1,IF(G9="B",0.9,IF(G9="C",0.75,0.5))) -> 0.57803177 | R9: =IF(G9="A",1,IF(G9="B",0.9,IF(G9="C",0.75,0.5))) -> 0.9 | T9: =STANDARDIZE(R9,$R$21,$R$22) -> -0.85391256
B10: 317 | C10: =IF(J10=1,"බේරිය",IF(J10=2,"මණ්ඩ",IF(J10=3,"කඩොල්",IF(J10=4,"තෙලකීරිය","හීන් කඩොල්/ ඇවරි කඩොල්")))) -> තෙලකීරිය | D10: =IF(J10=1,"Lumitzera racemosa",IF(J10=2,"Avicenia marina",IF(J10=3,"Rhizophora spp.",IF(J10=4,"Excoecaria agallocha","Aegiceras corniculatum")))) -> Excoecaria agallocha | E10: 41.41 | F10: 1.1 | G10: A | J10: 4 | K10: 1 | L10: 5 | O10: =0.251*(IF(J10=1,0.7,IF(J10=2,0.58,IF(J10=3,0.62,IF(J10=4,0.45,0.55))))*E10/10*F10)^0.916 -> 0.48439592 | P10: =O10*IF(G10="A",1,IF(G10="B",0.9,IF(G10="C",0.75,0.5))) -> 0.48439592 | R10: =IF(G10="A",1,IF(G10="B",0.9,IF(G10="C",0.75,0.5))) -> 1 | T10: =STANDARDIZE(R10,$R$21,$R$22) -> 1.0978876
B11: 318 | C11: =IF(J11=1,"බේරිය",IF(J11=2,"මණ්ඩ",IF(J11=3,"කඩොල්",IF(J11=4,"තෙලකීරිය","හීන් කඩොල්/ ඇවරි කඩොල්")))) -> තෙලකීරිය | D11: =IF(J11=1,"Lumitzera racemosa",IF(J11=2,"Avicenia marina",IF(J11=3,"Rhizophora spp.",IF(J11=4,"Excoecaria agallocha","Aegiceras corniculatum")))) -> Excoecaria agallocha | E11: 45.48 | F11: 1.1 | G11: A | J11: 4 | K11: 1 | L11: 7 | O11: =0.251*(IF(J11=1,0.7,IF(J11=2,0.58,IF(J11=3,0.62,IF(J11=4,0.45,0.55))))*E11/10*F11)^0.916 -> 0.52783189 | P11: =O11*IF(G11="A",1,IF(G11="B",0.9,IF(G11="C",0.75,0.5))) -> 0.52783189 | R11: =IF(G11="A",1,IF(G11="B",0.9,IF(G11="C",0.75,0.5))) -> 1 | T11: =STANDARDIZE(R11,$R$21,$R$22) -> 1.0978876
B12: 319 | C12: =IF(J12=1,"බේරිය",IF(J12=2,"මණ්ඩ",IF(J12=3,"කඩොල්",IF(J12=4,"තෙලකීරිය","හීන් කඩොල්/ ඇවරි කඩොල්")))) -> තෙලකීරිය | D12: =IF(J12=1,"Lumitzera racemosa",IF(J12=2,"Avicenia marina",IF(J12=3,"Rhizophora spp.",IF(J12=4,"Excoecaria agallocha","Aegiceras corniculatum")))) -> Excoecaria agallocha | E12: 43.31 | F12: 1.15 | G12: A | J12: 4 | K12: 2 | L12: 6 | O12: =0.251*(IF(J12=1,0.7,IF(J12=2,0.58,IF(J12=3,0.62,IF(J12=4,0.45,0.55))))*E12/10*F12)^0.916 -> 0.52569081 | P12: =O12*IF(G12="A",1,IF(G12="B",0.9,IF(G12="C",0.75,0.5))) -> 0.52569081 | R12: =IF(G12="A",1,IF(G12="B",0.9,IF(G12="C",0.75,0.5))) -> 1 | T12: =STANDARDIZE(R12,$R$21,$R$22) -> 1.0978876
B13: 320 | C13: =IF(J13=1,"බේරිය",IF(J13=2,"මණ්ඩ",IF(J13=3,"කඩොල්",IF(J13=4,"තෙලකීරිය","හීන් කඩොල්/ ඇවරි කඩොල්")))) -> තෙලකීරිය | D13: =IF(J13=1,"Lumitzera racemosa",IF(J13=2,"Avicenia marina",IF(J13=3,"Rhizophora spp.",IF(J13=4,"Excoecaria agallocha","Aegiceras corniculatum")))) -> Excoecaria agallocha | E13: 43.16 | F13: 0.78 | G13: B | J13: 4 | K13: 1 | L13: 8 | O13: =0.251*(IF(J13=1,0.7,IF(J13=2,0.58,IF(J13=3,0.62,IF(J13=4,0.45,0.55))))*E13/10*F13)^0.916 -> 0.36720589 | P13: =O13*IF(G13="A",1,IF(G13="B",0.9,IF(G13="C",0.75,0.5))) -> 0.3304853 | R13: =IF(G13="A",1,IF(G13="B",0.9,IF(G13="C",0.75,0.5))) -> 0.9 | T13: =STANDARDIZE(R13,$R$21,$R$22) -> -0.85391256
B14: 321 | C14: =IF(J14=1,"බේරිය",IF(J14=2,"මණ්ඩ",IF(J14=3,"කඩොල්",IF(J14=4,"තෙලකීරිය","හීන් කඩොල්/ ඇවරි කඩොල්")))) -> තෙලකීරිය | D14: =IF(J14=1,"Lumitzera racemosa",IF(J14=2,"Avicenia marina",IF(J14=3,"Rhizophora spp.",IF(J14=4,"Excoecaria agallocha","Aegiceras corniculatum")))) -> Excoecaria agallocha | E14: 26.76 | F14: 0.73 | G14: B | J14: 4 | K14: 1 | L14: 2 | O14: =0.251*(IF(J14=1,0.7,IF(J14=2,0.58,IF(J14=3,0.62,IF(J14=4,0.45,0.55))))*E14/10*F14)^0.916 -> 0.22304752 | P14: =O14*IF(G14="A",1,IF(G14="B",0.9,IF(G14="C",0.75,0.5))) -> 0.20074277 | R14: =IF(G14="A",1,IF(G14="B",0.9,IF(G14="C",0.75,0.5))) -> 0.9 | T14: =STANDARDIZE(R14,$R$21,$R$22) -> -0.85391256
B15: 322 | C15: =IF(J15=1,"බේරිය",IF(J15=2,"මණ්ඩ",IF(J15=3,"කඩොල්",IF(J15=4,"තෙලකීරිය","හීන් කඩොල්/ ඇවරි කඩොල්")))) -> තෙලකීරිය | D15: =IF(J15=1,"Lumitzera racemosa",IF(J15=2,"Avicenia marina",IF(J15=3,"Rhizophora spp.",IF(J15=4,"Excoecaria agallocha","Aegiceras corniculatum")))) -> Excoecaria agallocha | E15: 27.47 | F15: 1.06 | G15: B | J15: 4 | K15: 1 | L15: 10 | O15: =0.251*(IF(J15=1,0.7,IF(J15=2,0.58,IF(J15=3,0.62,IF(J15=4,0.45,0.55))))*E15/10*F15)^0.916 -> 0.32150749 | P15: =O15*IF(G15="A",1,IF(G15="B",0.9,IF(G15="C",0.75,0.5))) -> 0.28935674 | R15: =IF(G15="A",1,IF(G15="B",0.9,IF(G15="C",0.75,0.5))) -> 0.9 | T15: =STANDARDIZE(R15,$R$21,$R$22) -> -0.85391256
B16: 323 | C16: =IF(J16=1,"බේරිය",IF(J16=2,"මණ්ඩ",IF(J16=3,"කඩොල්",IF(J16=4,"තෙලකීරිය","හීන් කඩොල්/ ඇවරි කඩොල්")))) -> තෙලකීරිය | D16: =IF(J16=1,"Lumitzera racemosa",IF(J16=2,"Avicenia marina",IF(J16=3,"Rhizophora spp.",IF(J16=4,"Excoecaria agallocha","Aegiceras corniculatum")))) -> Excoecaria agallocha | E16: 34.5 | F16: 1.3 | G16: A | J16: 4 | K16: 1 | L16: 11 | O16: =0.251*(IF(J16=1,0.7,IF(J16=2,0.58,IF(J16=3,0.62,IF(J16=4,0.45,0.55))))*E16/10*F16)^0.916 -> 0.47756313 | P16: =O16*IF(G16="A",1,IF(G16="B",0.9,IF(G16="C",0.75,0.5))) -> 0.47756313 | R16: =IF(G16="A",1,IF(G16="B",0.9,IF(G16="C",0.75,0.5))) -> 1 | T16: =STANDARDIZE(R16,$R$21,$R$22) -> 1.0978876
... B19: 326 | C19: =IF(J19=1,"බේරිය",IF(J19=2,"මණ්ඩ",IF(J19=3,"කඩොල්",IF(J19=4,"තෙලකීරිය","හීන් කඩොල්/ ඇවරි කඩොල්")))) -> තෙලකීරිය | D19: =IF(J19=1,"Lumitzera racemosa",IF(J19=2,"Avicenia marina",IF(J19=3,"Rhizophora spp.",IF(J19=4,"Excoecaria agallocha","Aegiceras corniculatum")))) -> Excoecaria agallocha | E19: 20.86 | F19: 0.76 | G19: A | J19: 4 | K19: 1 | L19: 6 | O19: =0.251*(IF(J19=1,0.7,IF(J19=2,0.58,IF(J19=3,0.62,IF(J19=4,0.45,0.55))))*E19/10*F19)^0.916 -> 0.18421863 | P19: =O19*IF(G19="A",1,IF(G19="B",0.9,IF(G19="C",0.75,0.5))) -> 0.18421863 | R19: =IF(G19="A",1,IF(G19="B",0.9,IF(G19="C",0.75,0.5))) -> 1 | T19: =STANDARDIZE(R19,$R$21,$R$22) -> 1.0978876
O21: Total Adjusted AGB (Kg/plot) | P21: =SUM(P4:P19) -> 6.9844994 | Q21: Avarage Tree Condition value | R21: =AVERAGE(R4:R19) -> 0.94375
Q22: STDEV | R22: =STDEV(R4:R19) -> 0.051234754
O24: Total Biomass = AGB + BGB = AGB × (1 + 0.24)
O25: Total Biomass | P25: =1.24*P21 -> 8.6607793
O28: 1 kg of dry biomass = ~1.2 kg of oxygen produced annually
O29: O₂ Produced( kg O₂/year)≈ | P29: =1.2*P25 -> 10.392935
O32: CO₂ absorbed | P32: 1 kg biomass → ~1.83 kg CO₂/year
O33: CO₂ Sequestered( kg CO₂/year)≈ | P33: =1.83*P25 -> 15.849226

Sheet Tree Condition summery
B3: plot NO | C3: Average Tree Condition value | D3: STDEV
B4: 1 | C4: ='Plot 1'!R42 -> 0.93378378 | D4: ='Plot 1'!R43 -> 0.057800007
B5: 2 | C5: ='Plot 2'!R26 -> 0.92857143 | D5: ='Plot 2'!R27 -> 0.12606688
B6: 3 | C6: ='Plot 3'!$R$67 -> 0.63870968 | D6: ='Plot 3'!$R$68 -> 0.19405495
B7: 4 | C7: ='Plot 4'!$R$23 -> 0.89166667 | D7: ='Plot 4'!$R$24 -> 0.035355339
B8: 5 | C8: ='Plot 5'!R62 -> 0.89035088 | D8: ='Plot 5'!R63 -> 0.05625087 | H8: Newly planted plots
B9: 6 | C9: ='Plot 6'!R38 -> 0.9 | D9: ='Plot 6'!R39 -> 5.6371841e-16 | H9: Exisiting planted plots
B10: 7 | C10: ='Plot 7'!R51 -> 0.89782609 | D10: ='Plot 7'!R52 -> 0.037942239
B11: 8 | C11: ='Plot 8'!$R$29 -> 0.93958333 | D11: ='Plot 8'!$R$30 -> 0.11323232
B12: 9 | C12: ='Plot 9'!R44 -> 0.90512821 | D12: ='Plot 9'!R45 -> 0.022345587
B13: 10 | C13: ='Plot 10'!$R$21 -> 0.94375 | D13: ='Plot 10'!$R$22 -> 0.051234754
G17: Avarage Tree Condtion | H17: STDEV
F18: Average Tree condition value of Newly Planted Vegetations | G18: =AVERAGE(C4:C7,C9,C11:C13) -> 0.88514914 | H18: =AVERAGE(D4:D7,D9,D11:D13) -> 0.075011229
F19: Average Tree condition value of Existing Planted Vegetations | G19: =AVERAGE(C8,C10) -> 0.89408848 | H19: =AVERAGE(D8,D10) -> 0.047096555
